product,quantity,revenue,profit
SSD,15,4079.3999999999996,1843.4999999999995
RAM,18,18585.899999999998,3026.5199999999995
Projector,18,20221.02,7233.480000000002
Processor,6,6246.719999999999,820.4399999999994
Drone,19,15141.669999999998,2442.2599999999993
Projector,12,1601.88,684.48
Charger,3,3435.4800000000005,1340.9400000000005
Headphones,19,17848.03,5405.879999999999
Monitor,12,18841.800000000003,3979.3200000000015
Printer,15,22857.149999999998,9422.25
Motherboard,20,1587.0,628.5999999999999
Charger,18,23597.28,4278.6
RAM,14,16545.059999999998,5125.399999999999
Keyboard,10,3235.4,406.10000000000014
Smartwatch,8,3812.64,1707.12
Webcam,11,1708.3000000000002,191.18000000000026
Processor,8,524.96,148.88000000000005
Laptop,9,3263.31,1362.6
Microphone,3,2780.73,316.53
Printer,15,21341.1,3055.8
Charger,20,35956.4,8545.4
Graphics Card,12,12332.52,2650.800000000001
Smartwatch,12,21055.920000000002,2943.24
TV,20,25343.800000000003,7984.200000000001
Mouse,12,1107.96,365.52
Processor,20,34395.8,5952.199999999998
Projector,14,16845.64,7671.58
Smart Light,14,10324.720000000001,5076.82
Headphones,16,15685.44,3790.3999999999996
Printer,18,13896.18,4421.16
Monitor,13,20694.7,5608.200000000001
Router,19,23862.100000000002,11481.320000000002
Projector,17,30467.06,11406.150000000001
Fitness Tracker,13,4773.73,2051.5299999999997
Power Bank,1,1098.22,538.97
Camera,11,11755.150000000001,5723.960000000001
Charger,15,28036.649999999998,8178.9
Projector,5,4156.650000000001,1708.6000000000001
Laptop,11,7296.08,1258.6199999999994
Drone,9,4501.53,768.6900000000003
Drone,10,1429.1999999999998,550.1999999999998
Charger,5,104.80000000000001,15.300000000000011
Microphone,2,1015.44,370.58000000000004
Tablet,15,14946.0,1583.3999999999992
Projector,20,6747.6,984.8000000000002
Keyboard,9,2331.9900000000002,665.0100000000001
RAM,5,8707.4,3414.4500000000007
Laptop,2,1530.2,364.31999999999994
Game Console,13,16134.820000000002,5327.140000000001
Headphones,9,15073.829999999998,2280.959999999998
SSD,6,11392.02,4197.480000000001
SSD,16,19653.12,2628.3199999999997
Router,18,4356.900000000001,1028.7
Game Console,17,25430.47,5017.040000000002
Webcam,10,17652.1,3349.7000000000003
SSD,1,1465.36,665.81
RAM,20,10790.0,1542.7999999999997
Printer,18,14120.28,5031.180000000001
Fitness Tracker,1,1781.37,465.7199999999998
Microphone,19,17260.74,1975.4300000000005
RAM,12,23419.32,8920.32
Router,1,1423.66,319.1600000000001
Motherboard,6,1029.3000000000002,318.4200000000001
Headphones,6,7311.36,2231.0399999999995
Smart Light,20,24556.199999999997,7586.399999999999
SSD,2,3260.4,812.8600000000001
Webcam,17,5382.37,993.48
Laptop,5,5583.3,1668.7000000000007
Router,4,1570.72,656.96
Monitor,7,469.14,155.95999999999995
External HDD,3,4059.0299999999997,1441.3199999999997
Tablet,16,11423.04,3480.3200000000006
Game Console,7,11731.86,3967.6699999999996
Headphones,1,1103.76,499.39
Motherboard,10,4081.6000000000004,1164.1000000000004
E-book Reader,17,26447.92,8685.470000000001
Game Console,6,9440.16,4218.179999999999
Mouse,16,19311.2,6840.640000000001
Tablet,16,30133.28,14939.199999999999
USB Drive,15,17760.0,3995.85
Processor,16,26118.72,3081.760000000002
Router,17,6238.66,1332.46
Graphics Card,1,775.15,282.94
Drone,11,18555.9,8875.02
Smartphone,11,9816.4,3127.4099999999994
Projector,17,2248.08,629.6800000000001
Drone,3,5053.35,1977.3300000000004
Camera,10,15396.099999999999,6813.299999999999
Motherboard,19,5517.9800000000005,1440.7700000000002
Graphics Card,17,4015.23,712.8100000000002
Keyboard,1,1428.28,145.89999999999986
Tablet,4,2353.6,622.52
External HDD,16,16897.12,8272.96
Projector,6,2975.3999999999996,878.3999999999999
Charger,6,7217.039999999999,2589.96
Headphones,15,17542.5,5238.6
Laptop,14,14274.96,6446.0199999999995
Microphone,16,3113.92,373.44000000000005
Keyboard,19,20892.589999999997,7682.839999999998
Processor,20,32365.2,8826.599999999999
Mouse,11,21732.260000000002,7813.630000000002
Graphics Card,3,3420.66,1368.75
External HDD,16,16298.4,3426.7199999999993
Smartwatch,17,6121.87,1028.1600000000003
Tablet,18,13966.02,5546.7
Printer,19,15811.23,4704.399999999998
USB Drive,3,1318.47,291.39
Speaker,11,12614.36,2128.83
Power Bank,4,5169.88,2469.56
Graphics Card,20,18643.0,6569.6
External HDD,12,20772.96,4709.399999999998
Laptop,3,3517.8599999999997,796.7999999999997
RAM,7,1094.73,186.4799999999999
E-book Reader,4,4042.16,935.1999999999998
USB Drive,11,12839.64,2936.1199999999994
Charger,15,25754.85,12853.05
Printer,9,4784.76,606.6899999999997
Motherboard,8,114.32,25.75999999999999
Router,18,9321.12,1500.1200000000006
Charger,18,1482.48,223.73999999999987
Drone,15,26435.55,7867.5
External HDD,17,19669.68,2072.980000000001
Webcam,10,3639.4,1134.1
Drone,19,34845.81,13922.25
Headphones,5,5729.700000000001,2535.1000000000004
Microphone,6,117.0,15.720000000000006
Game Console,14,16428.440000000002,2475.2000000000007
Webcam,13,25952.940000000002,6842.680000000002
Power Bank,8,8764.96,1253.039999999999
Mouse,4,6087.04,2867.88
Printer,4,6582.2,2442.3599999999997
RAM,5,7978.400000000001,3210.3
Headphones,13,17066.399999999998,6010.289999999999
Microphone,8,1587.12,219.83999999999992
Laptop,5,9370.650000000001,4568.950000000001
E-book Reader,2,2206.82,355.24000000000024
Smartwatch,10,193.70000000000002,79.50000000000001
Microphone,15,26602.95,4953.000000000001
Power Bank,2,1401.12,333.81999999999994
Mouse,7,4172.84,1307.9500000000003
Smartwatch,6,1928.7599999999998,249.72000000000003
Tablet,3,2528.37,950.5499999999997
Game Console,2,3667.16,1495.7399999999998
Smartphone,2,2816.74,320.0799999999999
RAM,20,11275.8,2406.3999999999987
Printer,3,2206.17,1099.2599999999998
SSD,17,12104.17,5395.63
Mouse,1,1166.99,144.66999999999996
Tablet,10,320.5,82.19999999999999
Headphones,7,9687.93,4351.13
Tablet,7,11662.84,5766.529999999999
Smartphone,7,10474.519999999999,1355.619999999999
Game Console,18,11630.34,1958.579999999999
Router,1,1257.46,501.06000000000006
E-book Reader,3,1218.3899999999999,458.64
Mouse,8,2313.76,818.4000000000003
Projector,4,4131.68,1400.1600000000003
Camera,17,11304.49,3908.3000000000006
Smartwatch,2,3136.8,857.4000000000001
Charger,3,2284.56,356.94000000000005
Graphics Card,19,14722.15,4113.31
Webcam,16,12268.64,3435.039999999999
Headphones,10,11905.3,5721.1
External HDD,18,25090.56,10577.520000000002
Projector,5,4953.5,1962.7500000000005
Charger,9,10274.85,1529.2800000000007
Charger,6,10237.32,2125.44
TV,2,3129.2,819.04
Projector,17,10631.29,3266.5499999999997
E-book Reader,15,29569.2,8698.05
Webcam,3,56.550000000000004,10.980000000000006
Speaker,18,32736.06,10107.900000000003
Webcam,12,6011.28,2318.3999999999996
Smartphone,13,7605.13,1529.4499999999998
Drone,15,3892.7999999999997,1540.9499999999998
Power Bank,20,9563.0,1554.5999999999992
Microphone,19,29901.25,3902.220000000002
E-book Reader,16,188.8,44.640000000000015
Power Bank,13,1521.39,216.8400000000001
Smartphone,1,1919.36,533.1999999999998
Drone,1,1397.61,527.2799999999999
Speaker,17,11119.53,5124.990000000001
Webcam,18,33514.74,6198.480000000002
Keyboard,9,3902.4900000000002,445.68000000000035
Laptop,16,23724.8,10982.88
E-book Reader,13,12490.14,4140.5
Smartwatch,20,4400.8,488.79999999999995
Router,11,1843.27,685.7399999999999
Mouse,5,5763.099999999999,1923.0499999999995
Smart Light,19,36155.67,7293.340000000002
Camera,12,18843.72,8084.16
Graphics Card,4,6732.96,1538.08
Drone,17,9770.41,1281.8000000000006
Laptop,5,4689.1,2198.25
TV,12,3992.88,1641.1200000000003
Mouse,20,6060.0,1440.4
Mouse,19,19433.58,2071.380000000002
Smartwatch,20,16262.0,4479.000000000001
Tablet,3,2885.07,706.6200000000002
Smart Light,20,20214.4,7615.0
Game Console,20,30370.6,3560.999999999999
Headphones,14,27045.62,12999.84
SSD,4,7599.56,2094.1600000000008
RAM,3,2083.86,431.3399999999999
Processor,8,14602.32,2381.6800000000003
Motherboard,16,8188.48,1511.3599999999997
RAM,15,14366.1,5156.999999999999
Processor,14,1288.14,187.60000000000008
Mouse,14,3105.06,937.5799999999999
E-book Reader,14,20662.88,3485.3000000000006
Fitness Tracker,14,3188.78,815.2200000000003
Speaker,2,3598.64,1451.02
External HDD,20,1964.8,486.7999999999998
Smart Light,8,6193.2,2255.7599999999998
Laptop,19,31921.519999999997,11304.81
Monitor,6,1644.42,639.8399999999999
External HDD,1,825.89,139.64999999999998
USB Drive,20,1064.2,482.40000000000003
Graphics Card,10,7766.4,2025.4999999999995
Microphone,1,1801.7,829.62
Headphones,16,7207.52,2513.120000000001
Game Console,18,13915.800000000001,1904.4000000000012
Laptop,2,2708.52,1326.86
Smartwatch,8,14570.24,2458.5599999999995
Smart Light,19,25515.100000000002,3409.7400000000007
E-book Reader,10,10163.5,2202.3
TV,19,25275.51,11687.09
External HDD,10,6597.7,2318.1
Speaker,8,494.0,53.51999999999998
Drone,16,21176.0,7050.4
Motherboard,13,9045.14,2433.7299999999996
TV,12,20492.28,6028.080000000002
External HDD,19,24320.19,11050.210000000001
Printer,13,19931.99,2374.1900000000014
Keyboard,15,16958.85,8227.349999999999
Headphones,2,3024.2,1279.8799999999999
Smartphone,2,2157.7,401.6399999999999
Charger,17,32281.13,10815.91
Webcam,16,2143.04,435.20000000000005
Graphics Card,9,7739.37,3212.4599999999996
Power Bank,2,3790.3,1329.6200000000003
E-book Reader,2,1972.72,265.6200000000001
External HDD,3,4917.63,998.19
Webcam,14,20184.64,3626.0
Printer,4,7555.04,3056.92
Mouse,3,3058.17,399.9900000000001
USB Drive,10,18368.6,8507.3
Projector,9,1237.32,566.55
Fitness Tracker,6,1194.18,136.55999999999995
TV,3,4187.04,1633.44
TV,5,5914.85,2954.95
Speaker,12,23940.72,6805.559999999999
Smart Light,15,3858.1499999999996,486.8999999999997
Fitness Tracker,6,11076.960000000001,3363.7200000000007
Tablet,5,8445.55,4053.5999999999995
Camera,19,21153.46,5266.419999999999
Charger,6,11952.119999999999,2796.12
Webcam,16,26899.36,12816.16
Laptop,6,11121.599999999999,4925.9400000000005
Router,15,27253.2,7461.750000000001
Speaker,18,33178.5,8270.460000000001
SSD,5,6949.8,2065.3500000000004
Processor,19,7722.55,3846.93
Mouse,19,11592.09,3918.3700000000003
RAM,17,4255.1,673.2000000000004
Tablet,1,1305.6,623.06
Laptop,11,1179.97,508.30999999999995
Smartwatch,6,1834.62,277.3199999999998
Laptop,13,10752.56,3927.69
Monitor,9,5927.94,1840.59
External HDD,8,6998.88,2317.2
Power Bank,20,30052.399999999998,4276.799999999998
Tablet,16,11671.36,4065.920000000001
Microphone,16,29987.68,4737.119999999999
External HDD,16,30464.8,9160.32
Game Console,16,15449.44,7623.360000000001
Fitness Tracker,20,25679.6,11128.400000000001
SSD,14,2419.6200000000003,666.5400000000002
Smart Light,9,9830.88,4536.629999999999
Charger,17,6171.68,2315.7400000000007
Charger,2,571.4,185.85999999999996
Drone,17,4359.31,1089.6999999999998
Graphics Card,6,5828.46,2740.62
Smart Light,19,33174.0,5642.620000000001
Motherboard,13,14414.27,2062.3199999999997
Projector,12,14735.880000000001,2935.56
Printer,7,5680.92,1812.9299999999994
Laptop,10,3915.1,1030.0
Printer,14,3477.74,1140.02
Laptop,2,2585.98,1023.3199999999999
RAM,14,16911.86,5736.639999999999
Router,7,6794.97,3300.0800000000004
External HDD,4,4453.48,1526.3999999999996
External HDD,13,21315.84,7007.0
RAM,8,15412.96,2817.279999999999
Printer,13,8659.69,1493.5699999999997
Fitness Tracker,19,4709.91,1831.79
Smartwatch,6,2571.2400000000002,1255.5600000000002
Processor,4,3856.68,1249.6399999999999
Mouse,20,28328.0,13551.400000000001
Smartwatch,10,2243.7,1026.1
Camera,11,16158.12,2244.4399999999996
RAM,15,9799.65,4048.0499999999993
Projector,14,23895.76,5309.78
Speaker,1,1592.97,346.03999999999996
Fitness Tracker,12,8539.08,2306.76
Motherboard,18,12972.24,3014.6399999999985
Webcam,20,9388.8,3094.6000000000004
Webcam,19,7502.53,1125.75
Monitor,20,15433.199999999999,2160.3999999999996
Processor,1,59.81,12.660000000000004
Game Console,5,804.55,354.7
Graphics Card,15,12748.8,4949.85
TV,13,23980.190000000002,9868.560000000001
Motherboard,6,2799.48,1150.44
TV,7,7172.2699999999995,2649.9199999999996
Motherboard,8,11270.64,5334.799999999999
Camera,4,6120.0,2818.72
Headphones,8,12918.24,4249.119999999999
Microphone,6,2874.3,677.1000000000001
Smart Light,19,26235.39,8009.07
USB Drive,8,2893.6,1175.6
Laptop,1,246.36,63.99000000000001
Smartwatch,2,2922.32,1229.0200000000002
E-book Reader,19,8314.97,2644.42
Smart Light,8,5420.96,1897.92
Charger,13,17145.440000000002,3342.6900000000014
Printer,4,2024.4,263.96000000000004
Smartphone,18,26856.899999999998,7686.0
Router,17,7777.67,1862.0099999999995
Smart Light,1,1972.39,856.76
Graphics Card,1,109.69,24.39999999999999
Router,7,13786.779999999999,4437.860000000001
Speaker,5,1183.8500000000001,326.60000000000014
Camera,17,28043.199999999997,3443.0099999999993
Laptop,14,22817.62,10246.179999999998
TV,2,253.52,29.360000000000014
Smart Light,11,7852.68,1711.9299999999998
TV,8,9400.72,3631.7599999999993
Smartphone,19,13491.330000000002,2123.8200000000015
Router,17,21301.68,5815.87
Smartwatch,11,20767.120000000003,2302.9600000000014
Speaker,9,16450.38,3880.529999999999
Monitor,4,2567.16,991.7599999999998
Smart Light,7,10981.39,2190.6500000000005
Smart Light,3,2570.2799999999997,872.3399999999999
Game Console,18,16484.04,3036.0599999999995
External HDD,14,15913.66,5375.160000000001
Power Bank,11,13395.689999999999,1639.11
Mouse,11,14978.37,6057.700000000001
Speaker,16,7140.32,2498.5599999999995
Speaker,14,21347.62,6786.92
SSD,8,7353.76,2015.04
Tablet,15,6832.05,1354.2000000000005
Mouse,12,19018.32,4513.919999999998
Microphone,7,10144.19,3212.5800000000004
Graphics Card,9,7637.400000000001,2814.4800000000005
Printer,15,13498.65,3669.8999999999996
Monitor,18,22610.159999999996,6717.959999999998
SSD,2,3371.84,1643.0800000000002
Keyboard,2,3336.28,1394.3000000000002
Game Console,7,4600.889999999999,1918.8400000000001
Game Console,13,11304.800000000001,2054.3899999999994
Headphones,13,12410.71,3543.669999999999
Motherboard,7,10766.769999999999,1588.439999999999
Fitness Tracker,11,12338.7,3541.120000000001
Smart Light,20,18331.0,4556.199999999999
Keyboard,15,15703.05,2249.3999999999987
Headphones,8,12698.16,2359.2000000000007
Monitor,3,4865.76,1216.2900000000002
Mouse,16,13596.64,4072.7999999999993
Graphics Card,6,11395.68,1994.3399999999992
Speaker,17,15247.47,3773.1499999999987
SSD,1,1085.86,460.40999999999985
Mouse,19,634.22,213.18000000000004
Fitness Tracker,7,1933.26,663.6700000000001
Camera,3,3070.95,426.17999999999984
TV,4,4731.48,1382.5199999999995
SSD,20,3616.8,582.5999999999999
Router,6,206.76,97.32000000000002
Microphone,5,9101.5,2651.8999999999996
Mouse,8,1768.96,585.52
SSD,14,25617.059999999998,12386.92
RAM,11,9035.4,2066.2400000000002
TV,8,2760.24,741.8399999999997
Headphones,16,11068.64,5074.24
Speaker,3,2067.2400000000002,427.0200000000001
Printer,1,1422.49,594.2
TV,12,8834.039999999999,1947.2399999999998
Headphones,9,6516.0,912.1500000000002
Graphics Card,18,9201.06,939.7800000000007
Webcam,16,14267.84,2482.24
Webcam,9,5315.31,1329.2100000000005
Camera,11,457.16,80.30000000000004
Headphones,13,7057.7,2052.1799999999994
Tablet,18,26377.920000000002,5476.32
E-book Reader,3,3662.82,1631.6400000000003
Charger,15,9005.7,973.3499999999998
TV,5,6418.099999999999,1502.6499999999992
SSD,4,6960.4,2493.6399999999994
Camera,10,5553.9,1535.1
Graphics Card,8,14090.48,4122.32
Microphone,5,1334.9,374.65000000000003
Laptop,12,8742.72,1520.0399999999995
E-book Reader,13,14493.05,5184.009999999998
SSD,15,14182.65,3081.4499999999994
Speaker,1,1972.58,906.99
External HDD,10,4751.2,864.4999999999999
Webcam,18,13356.36,2778.120000000001
Mouse,8,5083.36,1548.7999999999997
Smart Light,7,4284.63,673.4700000000003
Projector,14,3025.4,431.6199999999998
Graphics Card,17,16091.18,7428.829999999999
Monitor,9,4446.09,1635.3899999999999
Game Console,3,5942.67,637.47
Laptop,19,14090.210000000001,3876.1899999999996
Smartphone,9,2823.84,572.67
Speaker,9,4947.84,1971.7199999999998
Laptop,2,3488.24,1334.7999999999997
Speaker,7,2230.27,375.20000000000016
Laptop,14,25513.18,10963.259999999998
USB Drive,19,24896.269999999997,4647.209999999998
Graphics Card,5,3897.75,489.5999999999998
Laptop,19,1698.2199999999998,736.4399999999999
Camera,16,20792.0,9234.4
Printer,16,9280.32,1881.92
Smartwatch,4,5932.52,2326.4000000000005
Smartwatch,13,17732.13,7267.0
Charger,6,7640.9400000000005,3208.26
RAM,3,251.64,86.72999999999999
Laptop,13,11657.88,3306.4200000000005
Processor,16,15310.4,2900.959999999999
Monitor,5,3363.25,370.8499999999998
External HDD,11,786.7199999999999,391.5999999999999
SSD,10,14971.400000000001,2256.0000000000014
Headphones,11,20277.620000000003,3615.370000000001
RAM,2,539.94,255.80000000000007
Charger,15,2177.7000000000003,766.9500000000002
Laptop,7,2964.85,815.7100000000003
Smart Light,4,6767.6,2252.6800000000003
Fitness Tracker,14,9114.0,1568.5599999999995
Webcam,15,13817.1,6575.7
Laptop,11,2591.38,470.58000000000004
Charger,4,146.8,36.56000000000002
External HDD,19,18537.73,2696.8599999999988
Drone,7,13568.17,6245.610000000001
Headphones,13,18236.399999999998,3568.63
Webcam,4,2847.56,1188.84
SSD,11,6799.1,2812.59
E-book Reader,18,31646.88,9147.78
External HDD,18,23129.64,9622.44
Smartphone,5,8861.699999999999,1236.5999999999997
Printer,19,22943.26,2738.8499999999976
Printer,9,5561.64,2302.7400000000002
Drone,9,1412.55,551.7899999999998
Smart Light,15,7864.499999999999,3537.2999999999993
Camera,2,810.12,363.58
Graphics Card,6,3626.16,613.5
Router,1,1148.57,206.45999999999992
Fitness Tracker,1,368.38,99.05000000000001
Keyboard,11,9259.8,2863.739999999999
Motherboard,15,13335.75,2637.449999999999
Fitness Tracker,7,13127.730000000001,2266.1800000000003
Charger,3,5572.83,2289.06
Charger,8,15731.84,6420.24
Webcam,1,1640.11,349.31999999999994
E-book Reader,15,2441.7,963.45
Monitor,1,232.84,42.19
Tablet,4,6281.76,1590.04
Processor,18,25337.159999999996,4930.199999999997
Tablet,19,11570.050000000001,3043.9900000000007
Motherboard,2,310.46,110.79999999999998
Projector,19,6880.28,2476.2700000000004
TV,15,482.7,93.75
RAM,1,1651.36,265.90999999999985
Router,8,2711.6,544.6399999999999
Power Bank,8,4289.12,1896.1599999999999
Monitor,11,20756.23,5611.210000000001
Speaker,11,919.93,331.42999999999995
Headphones,12,22678.32,4427.399999999998
Smart Light,3,4966.14,875.19
Webcam,19,11813.44,5203.34
Camera,6,7124.88,733.44
SSD,20,38148.6,14084.0
Graphics Card,11,7059.36,2016.1899999999996
Fitness Tracker,5,700.65,257.59999999999997
Processor,17,6364.29,2654.8900000000003
Printer,14,2352.98,1155.98
Laptop,15,5374.35,1816.2000000000003
Charger,14,21358.539999999997,10623.759999999998
Speaker,20,11848.0,2355.0
Webcam,3,5627.49,1266.5699999999995
Keyboard,12,12405.24,3386.6400000000003
Tablet,6,5482.08,553.9799999999996
Smart Light,16,1567.04,496.15999999999985
Speaker,16,21810.4,7158.4000000000015
Laptop,5,8474.0,3447.6
Projector,20,29672.0,14231.599999999999
External HDD,3,1936.5,780.96
Fitness Tracker,19,5149.19,706.9899999999996
Webcam,3,5228.01,1071.3900000000003
Laptop,4,5312.44,658.5999999999995
E-book Reader,20,13252.0,4820.8
Game Console,3,2562.18,625.6199999999999
Processor,15,18187.65,2351.7
Keyboard,13,3252.6,877.2399999999999
Smartwatch,5,918.4000000000001,104.90000000000009
E-book Reader,16,14612.16,3384.7999999999993
E-book Reader,18,33254.28,8890.740000000002
Smart Light,10,13869.1,6347.900000000001
Projector,17,32885.99,13504.290000000003
Smartphone,4,2991.68,1469.5199999999998
RAM,3,5699.85,2504.19
Projector,8,7884.32,3109.4399999999996
Smartphone,19,24588.660000000003,9707.480000000001
RAM,20,10726.400000000001,2029.000000000001
Tablet,19,18498.97,4197.859999999999
Graphics Card,7,8535.029999999999,4229.889999999999
USB Drive,19,20248.87,4054.22
E-book Reader,2,1159.8,497.28
Drone,18,5537.88,1324.2600000000004
Printer,16,29451.36,9336.96
Printer,18,14879.88,7273.079999999999
Router,12,23741.52,3436.2000000000016
Game Console,20,30069.6,4779.8
Smartphone,6,2914.92,1414.5
Laptop,12,5924.64,1490.0400000000002
Webcam,18,1867.68,883.9800000000001
Tablet,8,2669.92,290.8000000000002
Power Bank,6,3306.4800000000005,1529.16
SSD,12,8836.32,2569.7999999999997
Laptop,5,5296.950000000001,1894.0500000000002
Smartphone,18,27109.26,13383.539999999999
Mouse,20,7359.400000000001,2692.0000000000005
Mouse,15,8142.300000000001,1251.6000000000008
Graphics Card,15,13389.45,5295.45
Smartphone,1,357.6,36.400000000000034
Processor,9,2142.27,297.0899999999999
SSD,9,1389.42,670.3199999999999
Mouse,6,2473.08,957.0600000000002
Webcam,3,816.6299999999999,116.12999999999994
Printer,1,727.89,123.93999999999994
Router,3,3594.57,1509.96
Keyboard,16,26690.4,10374.720000000001
Power Bank,3,2437.56,1124.9099999999999
Processor,3,4465.29,1368.9300000000005
Mouse,8,3095.04,1028.96
Power Bank,10,915.9000000000001,134.39999999999998
Motherboard,2,3385.7,1284.2999999999997
Keyboard,18,2247.2999999999997,965.8799999999999
Laptop,4,2782.16,960.0799999999999
Projector,12,16261.920000000002,7186.440000000001
Laptop,19,36599.89,12642.409999999998
SSD,3,2306.46,627.69
Smart Light,3,1244.94,378.54
USB Drive,15,27054.45,10479.45
Drone,4,4933.64,2004.3200000000002
Power Bank,15,11053.2,3177.4500000000007
Headphones,13,20642.83,6437.210000000001
Keyboard,12,1118.4,389.40000000000003
Speaker,19,32315.579999999998,5325.32
Headphones,5,7588.450000000001,2838.8000000000006
Camera,7,13797.07,6410.46
Monitor,14,5845.56,1018.3600000000001
Smartphone,12,6445.32,1880.5200000000004
Headphones,2,3130.42,890.2000000000003
Drone,9,7974.99,1291.8599999999997
Smart Light,11,4764.54,539.4399999999996
Headphones,3,2000.25,863.76
Monitor,10,854.0999999999999,193.40000000000003
Mouse,15,25585.2,12180.750000000002
Keyboard,18,22927.68,4251.240000000002
SSD,19,10283.75,4058.0199999999995
Game Console,7,6912.360000000001,1283.38
Printer,1,1054.08,201.15999999999997
Router,8,10098.4,1167.5200000000004
RAM,9,9849.06,1035.0899999999988
Game Console,1,1807.01,202.72000000000003
Processor,15,12340.650000000001,3297.9
Motherboard,20,39511.4,8262.999999999996
Drone,17,28135.85,12694.239999999998
Webcam,12,14719.439999999999,1707.5999999999995
E-book Reader,18,35684.28,8682.480000000003
Power Bank,1,299.78,60.74999999999997
Smartwatch,3,4814.25,878.5199999999998
SSD,8,13910.88,2665.199999999999
Mouse,7,11917.779999999999,2884.0699999999997
USB Drive,19,1440.39,293.74
Camera,19,36202.03,10451.14
Headphones,14,15720.320000000002,6354.180000000002
Drone,19,18055.13,5152.039999999999
Tablet,7,10651.83,2074.8000000000006
Camera,7,5013.47,946.4700000000003
Smart Light,12,16744.56,3297.1200000000026
Speaker,7,10925.25,5243.84
Drone,4,4722.52,1142.2000000000003
Mouse,14,23596.16,7683.9000000000015
Smart Light,4,316.6,110.56000000000003
Headphones,16,26562.08,13241.440000000002
RAM,18,16238.34,5361.4800000000005
Projector,5,9212.25,2801.8000000000006
Drone,4,3017.12,697.9200000000001
Graphics Card,3,1997.6999999999998,968.0999999999999
Tablet,10,9455.2,3039.499999999999
SSD,10,13562.7,5014.6
Keyboard,19,24783.22,10921.580000000004
Fitness Tracker,8,7827.44,2366.24
Smartphone,18,17827.02,8601.48
Power Bank,17,14070.900000000001,2363.0
Smartphone,8,4351.28,1108.7999999999997
SSD,3,890.4300000000001,357.72
Charger,20,8631.0,3198.4000000000005
Smartphone,3,2882.58,550.89
RAM,19,7835.790000000001,3154.0000000000005
Camera,7,6669.740000000001,696.2200000000003
Keyboard,8,7180.24,3175.4399999999996
USB Drive,15,16845.75,2061.749999999999
Speaker,5,5464.2,634.8999999999995
Game Console,17,29081.9,14233.08
Microphone,8,11636.24,4996.639999999999
Processor,6,2194.5,653.28
Keyboard,8,11026.88,2500.5599999999995
Monitor,15,18809.25,9084.3
Microphone,20,33298.200000000004,12655.800000000003
E-book Reader,15,21443.85,5695.199999999997
TV,2,2060.36,688.1000000000001
Tablet,11,14699.189999999999,7229.75
Fitness Tracker,8,13759.84,5857.12
Mouse,20,13397.4,3336.8000000000006
Drone,15,25555.5,3050.7000000000016
Smartwatch,12,17341.920000000002,6377.040000000001
Power Bank,11,16130.62,3469.180000000001
Fitness Tracker,12,13454.16,3005.1600000000008
Charger,11,6210.82,1832.8200000000002
Smart Light,14,6891.78,1697.2199999999993
Laptop,19,3806.08,536.3699999999998
Processor,9,895.23,300.15
Printer,10,6876.599999999999,1366.9999999999993
Graphics Card,17,30614.28,4473.039999999998
Power Bank,20,18161.8,5869.400000000001
Smartwatch,14,23581.32,6785.660000000001
SSD,12,11550.48,3855.12
Headphones,4,4204.64,1423.4000000000005
Speaker,6,5216.76,2178.7200000000003
Projector,3,1389.51,629.49
Charger,14,17726.100000000002,2937.620000000002
RAM,20,27986.6,2839.8
Microphone,5,461.8,62.749999999999986
External HDD,6,5477.28,2094.24
External HDD,4,373.16,84.20000000000005
Keyboard,15,6363.9,1673.4
Keyboard,6,3453.18,1302.12
Drone,18,8537.94,2412.9
Mouse,19,2851.71,568.8599999999999
External HDD,8,3254.16,1236.6399999999999
Monitor,16,5051.84,1357.1200000000003
Router,9,10403.1,4762.710000000001
Mouse,16,23738.56,10011.2
Processor,1,741.74,346.31
TV,5,6211.950000000001,711.0500000000002
USB Drive,17,30674.800000000003,11373.0
Headphones,19,17042.81,4205.650000000001
Router,4,2313.92,1031.0800000000002
Smartphone,10,3556.5,390.6
E-book Reader,18,32420.52,13573.260000000002
TV,4,5205.56,2192.2000000000003
Laptop,16,19345.44,2373.9199999999983
Headphones,12,19940.28,6906.840000000002
Game Console,13,18585.58,8398.130000000001
Mouse,1,800.39,393.49
E-book Reader,20,26614.6,6345.799999999999
Motherboard,13,15123.029999999999,1694.9399999999985
Drone,18,26719.920000000002,11562.66
TV,9,4158.0,1541.6100000000001
Printer,20,19485.2,3275.2
Processor,1,922.8,276.41999999999996
Game Console,20,7114.8,2199.2000000000003
TV,13,11723.01,1570.9200000000005
Camera,6,7055.219999999999,2992.499999999999
TV,19,19869.44,4151.69
Mouse,19,12759.07,6309.5199999999995
Processor,2,3125.94,1273.46
Smartphone,1,144.5,66.54
Printer,12,21994.56,7286.040000000001
Webcam,20,11585.2,1426.0000000000002
Smartphone,14,23539.74,4427.78
TV,4,6953.12,2719.16
TV,5,8263.35,2545.9500000000003
Motherboard,11,14496.24,3345.4299999999985
Charger,3,2820.7799999999997,750.0899999999999
RAM,19,16468.06,1740.7800000000002
Keyboard,2,3001.18,1233.1999999999998
Headphones,17,19812.65,7450.42
Microphone,8,5064.64,948.1600000000008
SSD,15,6363.0,3118.2
Camera,8,8693.92,1085.4400000000005
SSD,15,22825.2,6256.200000000003
Smartphone,5,4764.55,1102.6999999999998
Fitness Tracker,10,18597.7,3044.9
Printer,1,928.77,204.48000000000002
Printer,11,1372.25,191.50999999999996
Webcam,13,19177.08,7018.830000000001
Game Console,11,10841.380000000001,4828.56
Charger,20,34189.8,10804.2
Monitor,12,17199.36,4741.6799999999985
RAM,11,9008.67,3910.8300000000004
Smartphone,20,14638.199999999999,6428.5999999999985
Router,7,11552.66,3958.1500000000005
RAM,17,8898.31,1788.059999999999
Fitness Tracker,10,2574.4,481.09999999999985
Projector,11,6864.44,2749.8899999999994
Fitness Tracker,1,1987.35,556.98
E-book Reader,20,34983.4,16035.800000000001
Camera,18,17630.64,5229.0
USB Drive,2,3242.06,1541.8
Headphones,5,8926.55,2274.0499999999997
Headphones,18,22637.88,8731.44
Charger,8,15248.88,4984.719999999999
Motherboard,18,27493.56,8159.760000000003
Smart Light,10,17756.199999999997,5676.999999999998
Mouse,11,5759.6,579.7000000000005
E-book Reader,18,15573.06,2683.259999999999
Smart Light,5,3886.1000000000004,1734.7000000000003
Webcam,5,4908.3,1817.1999999999998
RAM,11,3333.99,520.6299999999999
Camera,20,33311.2,8746.999999999998
Speaker,20,38685.4,13214.400000000001
Projector,7,1322.93,259.21000000000004
Motherboard,12,3437.3999999999996,1188.72
Mouse,6,72.30000000000001,32.1
Laptop,9,8734.050000000001,4104.450000000001
E-book Reader,4,6917.04,3086.84
E-book Reader,8,14300.48,4381.279999999999
Fitness Tracker,20,21743.800000000003,8822.600000000002
Mouse,7,13766.970000000001,4024.2300000000005
Monitor,2,1261.1,463.51999999999987
RAM,6,1834.8600000000001,762.0
E-book Reader,12,4967.28,2214.96
Smartwatch,15,25032.899999999998,4302.749999999998
Graphics Card,5,7108.6,1572.0500000000004
Microphone,20,22518.2,7411.000000000002
E-book Reader,12,5319.0,927.9599999999998
Processor,17,12849.79,5049.17
RAM,12,10417.56,4124.400000000001
Camera,6,2286.42,629.8800000000001
SSD,4,6934.4,2387.6399999999994
Smartwatch,20,2569.0,1129.3999999999996
External HDD,17,19347.36,9328.749999999998
Smartwatch,4,6886.36,793.0799999999999
TV,16,25599.36,7913.440000000002
Headphones,1,911.32,114.85000000000002
Printer,11,8824.86,1062.2699999999993
Game Console,14,20510.0,8404.06
Fitness Tracker,7,12412.61,2041.4800000000007
Motherboard,9,15983.64,7785.81
SSD,4,785.24,95.75999999999999
Fitness Tracker,16,25638.88,5080.32
TV,19,13824.210000000001,4893.26
TV,20,18593.800000000003,6091.200000000001
Drone,11,14169.54,5161.640000000001
Webcam,1,255.02,34.78
Processor,17,7846.35,2493.56
Drone,1,1302.92,529.47
Projector,6,10018.2,1764.6000000000008
Webcam,20,36894.4,11630.4
Camera,5,2845.25,926.4499999999998
Tablet,6,7170.84,2586.0600000000004
Smartwatch,11,7348.549999999999,2763.5299999999997
Smart Light,12,6206.280000000001,2295.120000000001
Game Console,1,1194.49,477.90999999999997
Laptop,20,35057.8,4591.600000000003
Game Console,3,2386.83,872.8499999999999
TV,19,16601.63,3788.41
External HDD,20,9034.8,4197.6
Smart Light,17,25710.97,12327.550000000001
Webcam,1,212.05,99.23000000000002
Graphics Card,13,8269.17,914.4200000000004
USB Drive,2,1759.0,322.55999999999995
Camera,6,9271.74,1180.0200000000004
Game Console,20,36806.799999999996,11637.999999999996
Headphones,9,3098.16,646.5600000000003
Smart Light,8,2492.0,496.8800000000001
Projector,16,1035.52,232.15999999999997
Mouse,3,284.04,125.07000000000002
External HDD,14,9383.220000000001,2406.88
Smartwatch,3,5759.46,2511.4799999999996
SSD,10,1647.8999999999999,458.49999999999994
Keyboard,12,13199.52,1809.480000000001
Smart Light,9,12033.449999999999,5754.87
Power Bank,12,2470.92,603.36
TV,19,26610.26,12388.0
Microphone,12,21662.64,2630.1600000000008
Smartwatch,3,4431.12,1384.83
Processor,15,15439.8,4945.649999999999
Mouse,4,7930.48,2592.6399999999994
TV,5,4409.700000000001,1495.9500000000003
USB Drive,10,7891.2,1004.2999999999995
Fitness Tracker,6,2447.58,784.9799999999999
Game Console,1,1351.59,631.4699999999999
Tablet,15,17673.9,2557.2000000000003
Motherboard,1,288.23,70.02000000000001
TV,3,2396.04,878.2199999999998
Mouse,15,27099.600000000002,4681.6500000000015
Motherboard,7,3724.91,646.31
Power Bank,2,3186.78,1173.8000000000002
Charger,17,397.29,53.21000000000004
Laptop,1,1275.32,382.28999999999996
Microphone,10,2335.7,446.29999999999995
Headphones,9,3210.57,684.2700000000002
Drone,9,5236.92,1995.21
RAM,11,17314.66,4930.31
Microphone,8,3000.24,825.6799999999998
Keyboard,18,6189.84,1116.7200000000003
Laptop,17,14431.980000000001,2198.6100000000006
Camera,12,5101.4400000000005,1812.6000000000001
Router,6,10192.68,1318.1400000000003
RAM,9,1051.1100000000001,166.05
USB Drive,5,7971.35,1407.8999999999996
Laptop,16,6060.8,1746.2399999999998
RAM,16,5377.6,1713.6000000000004
USB Drive,4,7067.88,3014.6
Smart Light,11,15551.8,2816.4399999999996
Microphone,4,7468.6,3086.04
Monitor,16,27846.08,9642.720000000001
Router,5,5627.6,1985.6
Headphones,9,2629.35,764.0999999999998
Laptop,16,20014.4,4666.4000000000015
RAM,8,7460.16,896.8000000000002
Charger,13,14141.789999999999,6641.049999999999
Graphics Card,15,9109.95,2920.8
External HDD,8,4264.0,2070.56
Speaker,9,12658.77,4649.49
Charger,15,17052.3,3015.749999999999
USB Drive,13,3326.1800000000003,1460.5500000000002
Headphones,19,4365.44,860.8900000000001
E-book Reader,9,6632.7300000000005,3315.4200000000005
Laptop,14,3844.12,460.17999999999967
SSD,3,596.16,186.72000000000003
Motherboard,4,5458.68,1623.6400000000003
RAM,6,2603.58,861.1199999999999
Mouse,7,10935.470000000001,3253.5299999999997
Projector,14,2834.72,1227.24
Projector,8,10943.76,3300.7200000000003
Smartwatch,12,19028.88,2585.1600000000008
External HDD,14,25567.5,3821.3000000000006
Power Bank,1,1702.33,198.8699999999999
Charger,8,12233.92,2852.08
Charger,3,2572.08,975.9900000000001
Headphones,5,7486.3,1131.6499999999996
Router,10,867.6999999999999,155.19999999999996
Smart Light,3,2784.21,756.1800000000002
Smartphone,18,4055.58,1870.56
Charger,1,1929.28,399.31999999999994
Fitness Tracker,3,5264.5199999999995,591.2999999999997
Microphone,11,16556.1,3939.6499999999987
Power Bank,14,5024.04,590.3800000000002
Smartphone,11,17508.15,2083.0700000000015
Smartwatch,13,9984.52,4323.929999999999
Charger,6,8176.62,4021.9799999999996
Speaker,6,7791.24,3478.9199999999996
E-book Reader,11,5655.1,1465.2000000000005
Smart Light,18,26004.420000000002,9521.28
Motherboard,7,5406.099999999999,1694.9099999999999
Monitor,16,30720.0,6549.919999999998
External HDD,17,21995.789999999997,5437.109999999999
Microphone,13,20291.309999999998,4626.699999999998
Headphones,11,167.85999999999999,33.43999999999999
Monitor,18,26654.399999999998,11423.699999999999
E-book Reader,5,4269.2,1670.3000000000002
SSD,19,15644.789999999999,7070.47
Charger,15,25256.85,4332.449999999999
Graphics Card,18,35351.82,13555.079999999998
Camera,13,9250.800000000001,2391.090000000001
Tablet,4,2235.68,267.27999999999975
Charger,20,19608.0,7660.0
Drone,17,5307.23,1150.8999999999999
Power Bank,8,392.72,111.76000000000005
E-book Reader,19,6271.709999999999,2880.5899999999997
TV,6,6963.18,1517.22
Printer,11,8475.28,2229.04
Headphones,7,11068.12,4660.460000000001
Fitness Tracker,1,635.24,92.19000000000005
Processor,12,1312.8000000000002,342.72
Projector,12,16604.88,7839.84
USB Drive,4,6433.88,1789.1999999999998
Smartphone,18,21115.62,5896.979999999998
Drone,10,14796.099999999999,1906.8999999999983
Speaker,6,8422.74,2123.76
Game Console,7,13542.76,6397.860000000001
Game Console,2,2459.42,405.8600000000001
E-book Reader,12,12732.119999999999,3577.56
Router,9,2029.23,799.83
Mouse,6,10311.48,3537.18
Headphones,3,4323.72,1372.47
Processor,17,26941.77,3888.0700000000006
Charger,11,1515.8000000000002,456.3900000000001
Motherboard,4,87.16,40.63999999999999
Smart Light,11,4409.35,2018.6100000000001
Headphones,16,4608.96,521.2800000000002
Smart Light,12,17015.760000000002,6030.12
Tablet,14,3458.84,786.3800000000002
Webcam,20,20920.2,8003.4
Smartphone,18,29075.22,10729.079999999998
Power Bank,1,1356.06,381.3699999999999
Processor,12,794.1600000000001,245.28000000000006
Processor,1,682.55,221.28999999999996
Smartphone,19,5390.68,1304.5400000000004
Keyboard,1,1844.81,743.06
Webcam,10,6429.400000000001,1273.6000000000001
Keyboard,3,5783.67,1904.91
Headphones,14,24338.16,4560.360000000001
Printer,14,5493.32,2259.46
Drone,16,19935.52,7651.68
Mouse,12,13651.079999999998,5377.559999999999
TV,16,18345.28,3020.7999999999993
Headphones,6,7080.0,969.4200000000003
Projector,7,6278.16,1634.0099999999998
Fitness Tracker,14,1064.5600000000002,247.10000000000008
Processor,1,855.3,98.80999999999995
Router,8,15298.24,5339.76
Camera,10,1051.8000000000002,148.60000000000014
Smartphone,4,362.24,95.40000000000003
Smartwatch,18,24533.46,8299.62
Projector,7,7097.58,2473.3100000000004
Router,9,17571.329999999998,2878.2
Camera,6,1849.1999999999998,210.05999999999995
Speaker,13,16410.29,4741.879999999998
Smartphone,8,3991.92,1406.4
RAM,7,3442.04,1456.0
RAM,14,25877.460000000003,5810.139999999999
Projector,16,12706.56,4911.2
External HDD,15,6393.3,738.1500000000005
USB Drive,20,5823.8,2681.5999999999995
Projector,13,4196.400000000001,1401.4
Motherboard,18,33513.299999999996,8391.959999999995
Keyboard,4,4260.24,1479.04
Processor,3,3159.42,1218.6600000000003
Smart Light,5,1434.4,213.10000000000002
Game Console,16,10887.52,2608.6400000000012
Keyboard,20,24209.0,11338.400000000001
Smartwatch,2,116.02,35.22
Speaker,2,125.02,18.539999999999992
Monitor,9,4953.33,1643.04
Charger,14,6822.48,1075.7599999999998
Monitor,15,408.0,180.6
USB Drive,1,1824.22,868.8000000000001
Smart Light,10,13353.099999999999,3547.6
Processor,16,25506.88,9797.44
USB Drive,13,20665.059999999998,6257.549999999999
External HDD,3,3333.87,1117.5
Power Bank,19,2208.18,817.7599999999999
Power Bank,18,1980.72,203.4000000000002
Smartwatch,3,3075.66,978.06
Fitness Tracker,11,8900.32,1411.6300000000006
Smartphone,11,541.53,109.88999999999994
USB Drive,13,1112.93,540.67
USB Drive,6,3452.34,1203.3600000000001
Tablet,17,26344.39,5900.190000000002
SSD,3,4898.01,1831.41
Router,7,1352.26,419.93000000000006
Router,10,14992.8,5298.9
USB Drive,20,38163.0,17964.0
Game Console,6,9151.08,957.9000000000005
Keyboard,11,9511.48,3368.0899999999992
Graphics Card,14,3200.96,985.4599999999998
Game Console,19,12084.57,4717.129999999999
Processor,4,7104.88,1456.5600000000004
Processor,16,18650.24,8750.400000000001
Processor,18,35199.18,5403.060000000001
Fitness Tracker,17,4364.240000000001,452.7100000000004
Smartwatch,2,791.84,126.5
Power Bank,4,337.24,101.44
Smart Light,15,20551.05,2228.9999999999986
USB Drive,11,1264.1200000000001,472.01
SSD,11,15515.939999999999,5854.75
Speaker,2,3896.96,1336.1799999999998
Motherboard,10,5374.700000000001,1226.5000000000005
Processor,13,21658.13,7691.840000000001
Router,16,24348.96,5760.0
Drone,16,15478.08,6100.32
Game Console,2,2754.82,679.7000000000003
Charger,19,35289.65,15865.949999999999
Graphics Card,20,24488.4,8411.000000000002
Smartwatch,17,27356.91,13445.980000000001
Drone,17,14188.37,6994.31
Graphics Card,18,17935.2,5745.5999999999985
External HDD,10,5842.0,2414.3000000000006
Headphones,16,21990.24,3003.3600000000006
Laptop,19,20638.75,2416.229999999999
E-book Reader,20,23263.600000000002,8530.400000000001
Smartwatch,20,6921.0,1793.2000000000005
Router,9,14488.56,3998.9699999999993
Camera,5,7520.700000000001,3144.1500000000005
Tablet,7,12203.800000000001,2874.270000000001
Printer,7,1386.49,307.01999999999987
Motherboard,18,18134.46,5286.6
USB Drive,12,11336.28,3280.44
E-book Reader,14,25720.24,3167.36
Processor,2,3305.94,1554.56
Motherboard,2,399.04,183.54000000000002
Projector,8,11009.2,4128.400000000001
Drone,15,25647.0,10425.15
TV,13,21749.39,6208.9299999999985
Headphones,6,11669.52,5376.24
Graphics Card,20,9144.8,3022.6
Headphones,9,9057.06,4451.040000000001
Smart Light,12,14483.880000000001,5165.52
Laptop,11,20655.14,6874.780000000001
Drone,2,3895.54,1001.8000000000002
Laptop,6,8983.68,949.9199999999996
Graphics Card,20,19804.6,2965.7999999999993
Tablet,12,21640.920000000002,8962.800000000001
Processor,12,9006.960000000001,4083.3600000000006
Headphones,3,5343.6,1881.06
Game Console,13,19016.27,2001.7400000000002
Monitor,2,3284.78,1240.5200000000002
Router,18,6831.18,2147.7599999999998
Monitor,9,10257.210000000001,3518.2800000000007
USB Drive,18,22892.579999999998,10676.34
Tablet,15,5842.799999999999,2804.3999999999996
Game Console,1,578.83,250.17000000000002
Smart Light,12,22562.760000000002,8850.96
Monitor,17,9330.45,2725.7800000000007
Tablet,6,5251.92,1841.0400000000002
Tablet,7,4353.23,758.3800000000002
External HDD,9,2972.16,306.3600000000002
Charger,8,6574.56,763.1200000000008
External HDD,16,31542.88,10940.48
Microphone,15,23748.3,6272.250000000002
Speaker,8,12272.64,5560.719999999999
Smartphone,18,1549.08,491.21999999999997
Projector,14,3520.72,686.56
Smart Light,19,25089.5,7509.18
Camera,18,7473.78,1293.1199999999994
Projector,17,18712.58,2968.8799999999997
Graphics Card,15,2886.0,1399.65
Router,20,13918.800000000001,4289.800000000001
RAM,14,26829.18,12120.92
External HDD,8,4474.64,1165.7600000000002
Headphones,8,5475.76,634.0
RAM,2,927.26,159.38
Smartwatch,15,2799.15,747.4500000000002
Smart Light,8,924.64,174.79999999999995
Headphones,19,7137.16,3144.8799999999997
Power Bank,4,7248.44,2175.16
Game Console,19,36508.69,15669.300000000001
USB Drive,10,9706.3,2409.9
RAM,9,10450.800000000001,4288.680000000001
Microphone,7,3827.04,937.0200000000001
Drone,4,3217.08,1327.6
Smartphone,14,19455.8,4817.8200000000015
Router,10,4849.0,2386.1
Laptop,15,24546.300000000003,4196.25
Keyboard,3,5892.39,2718.57
External HDD,10,17874.6,3330.5999999999995
Keyboard,16,6287.52,2095.5200000000004
SSD,17,12189.849999999999,3948.9299999999994
Charger,9,8853.119999999999,2303.8199999999993
SSD,5,1426.05,186.54999999999987
Tablet,18,35331.659999999996,15931.439999999999
E-book Reader,9,11011.14,3851.0099999999998
Charger,9,10589.31,3464.6399999999994
Speaker,13,15652.13,7725.639999999999
USB Drive,15,19822.5,7829.700000000001
Power Bank,6,2743.2599999999998,537.1799999999998
Motherboard,10,12252.9,1831.4999999999986
Monitor,15,29497.5,11758.2
Smartwatch,14,10271.800000000001,3654.7000000000007
SSD,19,20195.100000000002,8077.660000000002
Laptop,13,14864.98,6916.520000000001
Tablet,5,9662.6,1320.8000000000004
Tablet,9,8455.23,3489.0300000000007
Speaker,3,3530.37,1293.6599999999999
RAM,13,4796.610000000001,1769.0400000000004
TV,10,3301.0,1001.4000000000001
Printer,17,20381.81,9110.640000000001
Speaker,10,8713.2,977.5
Printer,8,7403.6,1818.08
Monitor,12,10108.08,1660.3200000000002
Game Console,17,27601.88,10634.52
Smart Light,11,5847.82,2674.1000000000004
TV,13,16323.45,7580.560000000001
SSD,18,28134.54,8773.560000000001
Charger,10,4992.6,2204.0999999999995
SSD,13,4692.09,1836.7700000000002
Speaker,20,14105.8,4959.599999999999
Laptop,20,2207.0,809.8
Smartwatch,18,13811.76,4757.9400000000005
TV,4,319.8,48.72000000000003
Charger,8,13888.24,3696.3999999999996
Smart Light,16,17478.4,7954.240000000002
Printer,11,14613.61,6536.86
Headphones,1,514.9,153.26
Speaker,8,13051.6,3880.24
Speaker,14,23482.899999999998,8423.519999999997
Drone,7,99.82,10.779999999999994
Mouse,5,4242.200000000001,1803.9500000000003
RAM,7,4018.2799999999997,1262.2399999999996
Fitness Tracker,6,7536.780000000001,2251.4400000000005
Graphics Card,16,22040.64,8123.199999999999
Headphones,16,20734.56,8025.760000000002
Smartphone,18,25072.38,8222.220000000001
Headphones,8,15857.2,7017.200000000001
Mouse,10,5603.8,1634.6
Projector,20,21081.0,4482.4
Drone,6,5997.54,2707.56
Monitor,3,4417.799999999999,2105.0699999999997
External HDD,11,4977.83,1947.4399999999996
Smartphone,9,14103.81,2980.6199999999985
SSD,18,12290.579999999998,5909.039999999999
Fitness Tracker,12,6377.16,2191.4399999999996
Smartphone,11,17058.14,2910.1599999999994
Laptop,13,6142.5,1714.31
Speaker,6,11216.460000000001,3034.920000000001
Smart Light,20,21371.8,2559.799999999998
E-book Reader,5,6028.049999999999,1923.4499999999998
SSD,7,9825.06,998.3399999999992
Smart Light,6,11603.16,2497.62
Camera,12,22758.0,3989.6400000000003
Graphics Card,16,5739.36,2064.9599999999996
Smart Light,13,1254.63,303.81000000000006
Smartwatch,2,857.0,422.42
USB Drive,12,14433.0,6401.400000000001
Microphone,8,15247.76,1757.4400000000005
Smartwatch,17,33153.06,7273.110000000002
Drone,6,2116.98,1015.3799999999999
E-book Reader,12,17234.04,6208.440000000001
Fitness Tracker,5,7581.5,2850.75
Router,12,21747.6,10028.279999999999
Router,18,14205.6,4895.280000000001
USB Drive,6,6210.0599999999995,2110.9800000000005
Game Console,16,30387.84,13840.32
Speaker,10,2003.6000000000001,418.40000000000003
Smartphone,7,5278.56,783.7200000000003
RAM,11,17280.45,6735.300000000001
Microphone,14,10643.36,3507.98
Power Bank,20,20960.6,7902.6
Motherboard,12,3255.7200000000003,482.0400000000002
Charger,15,26624.7,9889.65
Laptop,10,14716.7,6114.8
Monitor,18,26017.56,9466.560000000001
Camera,13,4582.63,1073.7999999999995
Mouse,1,1082.7,293.81000000000006
Motherboard,12,22740.84,6254.400000000001
Graphics Card,3,3784.68,1868.1
Smartwatch,19,32233.31,5069.959999999998
Camera,13,24103.95,7536.62
RAM,4,5812.4,2881.0399999999995
Monitor,16,21952.32,8481.44
Smart Light,13,14082.38,2521.87
RAM,11,16496.7,8120.86
Game Console,18,26942.04,3147.659999999998
Drone,10,12329.6,2040.3999999999996
Power Bank,4,2141.0,612.24
Projector,1,1089.57,119.12999999999988
Processor,1,1688.9,247.5300000000002
Mouse,20,12450.8,4434.599999999999
SSD,8,1641.84,800.0799999999999
Fitness Tracker,12,14807.04,6856.08
USB Drive,19,21745.69,7953.59
Smartwatch,10,16197.3,3620.899999999999
USB Drive,4,6117.12,917.04
Smartwatch,5,4948.95,1480.1499999999999
Smart Light,13,16556.02,4024.409999999999
Camera,15,2968.35,1310.3999999999999
Smartphone,13,23513.23,7548.060000000001
Game Console,12,18506.04,5056.440000000001
RAM,14,26677.42,13085.939999999999
Keyboard,14,9443.42,1027.8799999999994
Microphone,12,5494.68,1799.3999999999999
Processor,9,7946.64,1809.0
Game Console,9,15843.69,6559.380000000001
Router,8,7165.68,1206.8000000000002
Processor,3,129.63,34.769999999999996
Power Bank,18,33393.42,6711.480000000002
Printer,2,2840.54,484.05999999999995
Speaker,11,13805.99,4001.2499999999986
Processor,13,21481.98,2193.88
Speaker,1,799.05,116.03999999999996
Laptop,1,1939.88,536.7600000000002
Headphones,19,4918.72,1602.6499999999999
Motherboard,18,35696.159999999996,16534.26
E-book Reader,4,5754.92,1313.1999999999998
Camera,4,6587.88,2789.76
USB Drive,10,12153.4,1765.5999999999995
Projector,4,2035.28,779.28
RAM,7,2124.5699999999997,341.25
Processor,10,7672.7,3097.4
Router,20,1830.2,581.8000000000001
Printer,5,2391.8,448.49999999999994
SSD,3,4207.950000000001,1347.4800000000002
Microphone,11,11719.62,3414.0700000000015
Keyboard,4,6101.64,1892.6800000000003
Mouse,17,22625.98,5667.970000000001
Router,5,855.3,227.89999999999998
Game Console,4,2965.56,999.72
Monitor,18,8298.36,1205.8200000000002
Camera,1,1014.47,133.09000000000003
Microphone,7,12543.86,1738.6600000000008
Motherboard,1,1679.7,687.3900000000001
Smart Light,1,207.68,97.37
Monitor,19,34948.22,8605.86
Laptop,6,9922.74,1082.6400000000003
Router,5,8992.9,3256.999999999999
Laptop,12,10884.119999999999,3238.56
Router,3,5379.63,1228.7099999999998
Graphics Card,10,9751.0,3408.4000000000005
External HDD,17,29655.65,8625.290000000003
Power Bank,15,17527.5,3176.7
Power Bank,12,23294.4,10718.16
Drone,9,16003.35,1720.3500000000008
Camera,18,15418.800000000001,4710.780000000001
TV,19,2034.33,217.7399999999999
Smartphone,13,18550.22,4344.080000000001
Printer,3,1290.51,475.14
Webcam,15,15955.650000000001,5543.400000000001
Laptop,5,2117.3500000000004,796.55
Processor,20,9897.0,1552.2000000000003
Speaker,16,29258.4,6913.440000000002
Smartwatch,18,10051.56,1155.7799999999997
Fitness Tracker,14,4338.46,649.3199999999999
SSD,18,19312.56,5682.6
Smartphone,14,15370.320000000002,7060.620000000003
Monitor,17,11968.68,1646.96
Router,7,4367.23,877.24
Power Bank,11,17746.41,5744.969999999999
Projector,2,63.86,24.799999999999997
Tablet,15,16118.999999999998,4413.5999999999985
Smartphone,1,1624.23,197.3800000000001
Laptop,15,1580.4,723.4499999999999
TV,15,16191.6,6400.35
Router,10,5151.4,2540.6
Tablet,11,13261.599999999999,1688.61
Power Bank,8,12406.08,2986.5599999999995
TV,10,15389.300000000001,2220.4999999999995
Graphics Card,16,9692.8,4010.239999999999
Camera,4,2253.52,600.76
Router,1,190.79,86.83
Power Bank,14,5098.66,1347.6399999999999
Smartphone,5,9363.5,4335.85
Smart Light,20,35380.0,11035.599999999999
Tablet,18,16367.039999999999,7922.159999999999
Smart Light,4,791.2,300.64000000000004
Keyboard,4,5314.36,2245.12
Graphics Card,10,12116.800000000001,3580.500000000001
Processor,9,17413.920000000002,4798.080000000001
Charger,1,44.36,10.96
Speaker,11,9783.07,3811.17
USB Drive,8,6295.92,2221.92
Laptop,10,18326.300000000003,5937.0
Headphones,17,23498.42,6672.5
Speaker,14,17875.62,6594.42
SSD,17,587.3499999999999,121.71999999999994
Processor,5,9619.8,3927.8999999999996
Camera,16,10149.6,3714.4000000000005
TV,19,35353.3,17331.8
Camera,7,10325.42,4121.949999999999
Charger,7,8855.91,981.8900000000015
Mouse,9,3018.06,938.5199999999998
Keyboard,19,25178.04,10886.050000000001
Mouse,9,14616.36,3537.09
Router,11,6711.98,1861.4199999999996
Processor,9,2843.1,1135.35
Camera,2,2852.18,832.4999999999998
Processor,16,9866.4,4123.2
Graphics Card,19,27544.3,10868.380000000001
Drone,2,3462.38,1640.24
Headphones,2,2697.6,1296.1399999999999
Webcam,10,5804.0,1466.6999999999996
Projector,8,11293.76,3842.4000000000005
Router,8,4721.92,1666.2400000000002
Fitness Tracker,7,3175.83,803.81
Webcam,16,24694.24,11288.800000000001
Laptop,19,32112.660000000003,6857.480000000001
Smartphone,11,11796.07,1955.139999999999
Smartwatch,15,389.40000000000003,60.0
TV,15,20616.600000000002,9317.100000000002
External HDD,18,25631.46,10728.36
Charger,13,17617.08,2955.290000000002
Microphone,6,5291.4,1690.0799999999997
Headphones,10,6148.3,683.0000000000007
Laptop,18,27701.82,10118.52
USB Drive,10,1514.0,566.1
Smartwatch,11,7187.84,1066.6700000000003
Laptop,18,21852.0,2649.600000000001
Smartphone,12,11503.92,3762.7199999999993
Microphone,9,12711.69,6342.4800000000005
Mouse,18,23503.5,9253.26
Projector,4,5398.28,654.1199999999999
RAM,4,2782.24,669.0
Game Console,13,4426.889999999999,1021.4099999999999
Game Console,11,877.0300000000001,95.37000000000002
SSD,7,2991.73,1047.8999999999999
Router,1,1638.02,614.3
RAM,9,4170.6900000000005,1397.3400000000004
Game Console,3,2427.87,705.6299999999998
TV,5,2292.3500000000004,871.7500000000001
TV,19,26796.079999999998,4551.259999999999
USB Drive,19,2980.53,700.5300000000001
Printer,20,31042.0,8074.399999999996
Laptop,13,21910.850000000002,9797.19
Smart Light,16,20571.2,5053.120000000001
Processor,4,88.0,19.239999999999995
Graphics Card,13,12269.01,2028.0
Projector,14,3150.0,886.06
Webcam,2,855.82,255.1400000000001
Power Bank,18,28772.28,10481.580000000002
Microphone,11,3295.93,473.4400000000002
Smartphone,19,32948.09,3918.3699999999963
SSD,19,10107.050000000001,4380.26
Tablet,7,13924.82,5275.97
E-book Reader,2,2962.78,874.7000000000003
E-book Reader,11,8258.14,2693.9000000000005
Fitness Tracker,7,5451.46,1454.9500000000003
Router,7,1745.8,405.15999999999997
E-book Reader,17,31871.43,5467.369999999998
Game Console,14,27195.7,9763.319999999998
Smart Light,1,1412.88,409.45000000000016
Projector,8,11410.56,5650.879999999999
Router,14,27790.14,10070.34
Camera,3,2126.4900000000002,677.8500000000001
Speaker,20,23013.4,8270.800000000001
Microphone,4,4000.48,1964.96
Processor,2,3703.9,1061.98
Smart Light,5,7874.9,2338.8999999999996
Microphone,14,11436.04,5043.360000000001
Microphone,3,2507.16,685.2600000000002
Projector,4,3343.64,1208.2799999999997
USB Drive,2,740.54,286.71999999999997
Motherboard,11,2685.32,1249.38
Power Bank,15,10500.599999999999,1981.199999999999
Camera,2,3091.18,826.6999999999998
Microphone,10,2858.8,871.0999999999999
E-book Reader,3,5197.4400000000005,2326.6800000000003
Microphone,7,5066.46,2270.24
Tablet,4,7924.88,1580.3199999999997
E-book Reader,10,1987.4,457.3000000000002
Smartwatch,6,5164.5,1390.9800000000002
Graphics Card,13,3779.1,390.38999999999965
Processor,2,1752.6,599.6999999999998
Motherboard,13,23303.02,9354.02
Game Console,19,27153.089999999997,3290.609999999997
Monitor,13,134.94,65.13000000000001
Webcam,3,3019.71,368.22
Keyboard,8,7758.4,2011.3599999999997
External HDD,7,1189.4399999999998,473.68999999999994
Projector,5,50.949999999999996,19.799999999999997
Drone,9,13211.28,6008.760000000001
Keyboard,7,12915.21,3263.61
Keyboard,5,5480.8,2662.4000000000005
Power Bank,11,9304.24,3815.0200000000004
Monitor,12,23819.88,5727.24
Graphics Card,3,587.46,199.86
RAM,11,4279.88,1359.16
Smartwatch,11,15224.439999999999,2071.5199999999995
TV,20,20088.6,3261.7999999999984
Fitness Tracker,10,19504.4,6829.9
Graphics Card,7,7333.6900000000005,1780.2400000000002
Game Console,10,12446.099999999999,4220.5
TV,5,8896.05,3175.7500000000005
Monitor,2,3017.08,1224.6599999999999
SSD,15,10959.75,3973.6499999999996
Drone,17,22238.89,9266.53
E-book Reader,2,2411.18,958.1399999999999
TV,15,18038.699999999997,4840.199999999999
Projector,4,395.16,43.56
Smartphone,1,1174.87,484.27999999999986
E-book Reader,6,1186.1999999999998,329.09999999999997
Projector,2,881.16,413.03999999999996
Fitness Tracker,18,29544.12,6048.0
SSD,14,4779.32,1407.6999999999998
Power Bank,5,203.95,53.3
Tablet,14,16063.600000000002,4527.740000000002
Webcam,18,20420.46,5023.080000000001
Smart Light,16,2639.2,1115.84
Projector,19,6735.69,1489.9800000000002
Smartwatch,4,1145.36,185.75999999999988
Laptop,15,22505.399999999998,5857.95
Smartphone,9,13318.829999999998,4026.6899999999987
Smartphone,8,8130.4,2930.5599999999995
Monitor,11,11996.93,5890.720000000001
Processor,12,20785.68,2796.3600000000024
Motherboard,7,7122.57,2098.8100000000004
Router,4,600.52,121.0
Headphones,2,2693.76,434.5400000000004
Smartphone,16,8620.0,3746.5600000000004
Graphics Card,18,11421.72,2960.8199999999993
Headphones,17,3326.73,1070.3200000000002
E-book Reader,10,16141.900000000001,7510.0
Charger,5,6939.85,2553.0
Headphones,10,2276.8,1056.9
Smartphone,3,550.41,140.00999999999996
Tablet,13,781.9499999999999,343.71999999999997
Fitness Tracker,17,15300.68,6769.57
Processor,19,34720.22,16264.000000000002
Drone,12,7282.200000000001,2974.8
Smartphone,4,4582.88,1389.96
Router,14,3477.6,863.94
Smartwatch,11,10501.15,2823.04
Tablet,19,12480.15,2407.6800000000003
Fitness Tracker,18,27578.52,11969.280000000002
Keyboard,15,23109.75,9892.050000000003
Smartwatch,10,17742.0,8857.7
Graphics Card,4,2221.2,342.67999999999984
Drone,20,4807.4,505.1999999999998
Game Console,20,26220.4,4743.000000000002
Charger,7,1580.18,359.59000000000003
External HDD,6,7315.08,833.2200000000007
Headphones,20,5196.799999999999,1056.3999999999992
Mouse,20,25339.6,12309.2
Printer,8,3772.32,713.6000000000004
Fitness Tracker,11,8886.9,1135.1999999999994
Printer,12,16831.800000000003,5416.680000000001
Printer,15,9252.45,1888.950000000001
SSD,8,3150.72,1006.48
SSD,10,18621.5,3889.000000000001
Smartwatch,6,1427.94,516.8400000000001
USB Drive,19,36677.03,6044.849999999998
Smartwatch,8,420.48,45.120000000000005
Processor,20,321.4,61.20000000000001
Smart Light,20,2748.6000000000004,553.0000000000001
Mouse,3,3175.44,1201.62
Camera,9,2038.41,821.8800000000002
Game Console,10,1604.5,489.7999999999999
Microphone,12,7005.0,1841.6400000000003
Tablet,6,8186.280000000001,2473.8600000000006
Charger,5,6635.85,2996.8500000000004
Headphones,19,7056.599999999999,1804.2399999999996
Laptop,13,16080.87,6904.040000000001
Charger,15,17755.2,5639.55
E-book Reader,18,17955.0,7452.719999999999
TV,5,4657.200000000001,1235.3000000000002
E-book Reader,1,910.66,451.78999999999996
Tablet,18,12636.0,4844.16
Keyboard,14,2252.8799999999997,282.9399999999997
SSD,19,16493.71,8212.750000000002
TV,12,22065.84,4934.76
Fitness Tracker,4,675.36,218.08000000000004
Smartphone,14,1808.3799999999999,822.0799999999998
Headphones,3,3233.8500000000004,975.03
Fitness Tracker,17,16904.97,4479.84
Drone,18,33630.840000000004,12146.220000000003
Power Bank,13,5125.38,2443.61
Microphone,9,688.77,215.73
Tablet,1,22.26,8.590000000000002
Motherboard,12,16661.64,2288.5200000000004
Drone,4,2231.6,559.52
Processor,4,5677.56,1712.3600000000006
Laptop,17,26163.85,11297.519999999999
Motherboard,9,11374.74,3566.7
Speaker,2,3593.28,887.2400000000002
Game Console,1,1028.75,188.16999999999996
Laptop,18,30950.28,14561.460000000001
Keyboard,16,17630.24,2535.680000000002
Smartphone,9,9185.220000000001,3413.7000000000007
TV,13,2010.8400000000001,863.3300000000002
Power Bank,8,12797.52,1733.5200000000004
Camera,17,876.52,338.13
Tablet,19,28753.839999999997,9176.619999999995
Microphone,19,7428.81,1240.5100000000004
TV,16,10280.16,1942.08
Graphics Card,9,16416.989999999998,4452.479999999998
External HDD,19,3870.2999999999997,1072.93
Fitness Tracker,20,19230.0,6992.200000000001
Graphics Card,8,13437.92,2883.84
Graphics Card,17,33037.97,5395.800000000001
USB Drive,3,5400.299999999999,946.9799999999996
USB Drive,19,22641.730000000003,5220.060000000002
Drone,10,1054.3000000000002,371.70000000000005
Microphone,14,4839.52,491.81999999999994
Mouse,17,3423.46,543.1499999999999
Drone,10,13459.8,2196.200000000001
Router,16,27685.76,13378.88
Game Console,11,777.5899999999999,158.94999999999996
E-book Reader,19,11865.12,5176.17
Camera,15,19779.45,6273.000000000003
Monitor,1,1944.73,786.4100000000001
RAM,2,184.48,91.19999999999999
TV,4,6437.76,1074.6400000000003
Mouse,4,4709.32,810.4399999999996
USB Drive,16,20502.88,5501.120000000001
SSD,18,24188.22,9900.72
External HDD,18,15800.76,4088.16
Game Console,13,12662.0,5067.01
Speaker,5,9259.15,2898.8
Game Console,6,6864.0,3152.34
Headphones,14,1113.7,133.5599999999999
Power Bank,2,3684.58,666.98
Speaker,17,1218.9,146.54000000000008
TV,5,8647.7,1086.3
RAM,14,998.1999999999999,237.29999999999995
RAM,6,1775.16,777.9600000000002
RAM,6,7350.66,1444.3799999999994
Router,20,11167.4,4277.6
Headphones,16,23592.8,2999.2000000000007
Drone,8,2303.92,985.04
Motherboard,15,19467.149999999998,3609.749999999998
Tablet,10,17970.899999999998,5159.5999999999985
Tablet,5,7154.85,2522.5
External HDD,17,25267.44,4099.549999999997
Monitor,8,14921.92,4696.48
USB Drive,6,817.1999999999999,95.75999999999996
Tablet,20,14309.0,3244.8
Smartphone,2,265.76,108.84
TV,6,9365.7,3872.6400000000003
Motherboard,16,8940.48,2996.3199999999997
Keyboard,9,5277.960000000001,1079.9100000000005
Graphics Card,13,15703.74,6506.24
Mouse,18,19230.659999999996,4935.059999999998
Game Console,17,33214.94,3695.7999999999975
Smartwatch,13,23423.66,3295.63
Graphics Card,15,29751.15,14413.800000000001
Monitor,3,599.37,94.59
SSD,18,5391.539999999999,1804.3199999999997
Speaker,11,15664.33,3931.620000000001
USB Drive,19,24934.649999999998,6475.959999999998
RAM,8,14932.32,6480.639999999999
Smartwatch,11,11081.84,3828.5500000000006
Headphones,18,24226.38,3103.920000000001
USB Drive,19,20807.660000000003,4864.5700000000015
E-book Reader,13,8421.66,2577.770000000001
Microphone,11,10744.03,3670.8100000000004
Power Bank,7,1006.1800000000001,482.5800000000001
External HDD,8,5668.0,1556.96
SSD,5,5424.700000000001,1231.9500000000005
USB Drive,11,12592.47,1744.4900000000002
SSD,1,1961.94,590.48
Graphics Card,17,32381.94,14011.74
Printer,2,2821.96,1142.1000000000001
Drone,10,2468.3,571.6000000000003
Smartwatch,4,2411.56,1029.6
Webcam,7,1187.83,313.11
Webcam,8,3384.8,661.8400000000001
Projector,16,15575.52,2475.2000000000007
TV,3,2299.98,1052.73
Power Bank,19,34647.45,16525.44
Keyboard,7,809.1999999999999,109.40999999999997
SSD,9,9556.47,3755.43
Smartphone,2,3305.3,1351.0000000000002
RAM,13,2504.97,723.3199999999998
Camera,16,28616.64,10840.32
Graphics Card,7,13925.87,4048.870000000001
Drone,10,11169.9,4275.1
Printer,5,4788.1,1941.85
SSD,9,6794.460000000001,2571.7500000000005
Webcam,9,8960.85,2553.75
Processor,6,7499.460000000001,3530.3400000000006
Laptop,7,6754.09,1908.0600000000004
TV,19,2307.55,718.96
Headphones,2,2440.46,266.53999999999996
External HDD,13,9780.029999999999,1967.289999999999
Projector,17,23801.53,7349.779999999999
SSD,14,9557.38,1003.0999999999997
Drone,17,9528.16,1550.4000000000008
SSD,1,710.48,234.83000000000004
Mouse,7,4337.759999999999,1500.7999999999997
Keyboard,6,11411.28,1699.0800000000004
Webcam,10,5028.0,2011.6000000000004
Router,12,18699.72,2621.5200000000004
Laptop,12,6134.28,729.6000000000001
TV,4,6029.76,2712.2000000000003
Drone,6,10109.880000000001,2658.9600000000005
SSD,5,4803.2,1196.15
Printer,11,2519.0,962.6099999999999
Headphones,8,8189.28,1896.7199999999993
Tablet,6,11704.5,1337.5200000000004
Printer,5,9021.25,4189.4
Projector,9,8272.89,2464.7400000000002
Smartphone,13,2407.47,980.1999999999999
Smartphone,4,1796.36,346.76
Graphics Card,9,15651.449999999999,3214.259999999999
TV,20,31179.8,4736.999999999998
Game Console,20,10367.0,1607.0000000000005
Keyboard,3,3305.2200000000003,528.36
Fitness Tracker,15,2292.0,528.6000000000001
Laptop,3,604.47,171.63000000000002
Graphics Card,1,1778.76,791.25
RAM,6,5676.9,2327.2799999999997
E-book Reader,10,1106.7,445.0
E-book Reader,15,15793.2,4703.700000000003
Laptop,4,538.12,179.48000000000002
Charger,1,144.83,24.77000000000001
Speaker,19,6585.59,1408.4699999999998
Camera,18,8004.960000000001,2981.8800000000006
SSD,7,12518.449999999999,4588.360000000001
Microphone,14,9690.519999999999,1134.979999999999
TV,7,2994.39,409.08
Keyboard,8,3109.76,540.48
Mouse,2,844.16,200.10000000000002
Keyboard,4,7177.2,2794.84
TV,13,14694.029999999999,1494.349999999999
Power Bank,6,3910.44,1806.9
Smartwatch,16,14670.56,3476.16
USB Drive,19,31102.05,13553.27
Smartwatch,13,5080.400000000001,634.7899999999997
External HDD,10,2396.6,363.89999999999986
Processor,13,16127.15,5497.83
Router,4,7672.04,3482.92
Router,19,11583.539999999999,3708.6099999999988
TV,20,31496.6,10839.2
Graphics Card,8,1461.04,155.5999999999999
Fitness Tracker,3,5077.32,2373.1200000000003
Headphones,11,18249.329999999998,4177.69
Speaker,17,13831.54,3693.9299999999994
Tablet,17,8092.85,2617.3200000000006
Mouse,10,19561.0,9355.599999999999
Smart Light,10,13869.0,4333.600000000001
Microphone,14,5215.28,1159.3400000000001
Charger,19,32116.46,11809.829999999998
Power Bank,17,26806.960000000003,7577.41
Laptop,14,27319.600000000002,12233.480000000003
SSD,10,625.7,215.60000000000002
Tablet,18,9909.0,4807.26
E-book Reader,19,6225.16,1356.0300000000002
Microphone,11,720.17,264.66
Charger,18,6036.12,2220.8399999999992
Drone,8,12831.28,2577.92
Printer,1,1221.98,320.4
Projector,7,13744.71,5176.01
RAM,13,15575.429999999998,5080.269999999998
Camera,18,29357.100000000002,6078.420000000001
Charger,5,6912.95,2580.8999999999996
External HDD,15,15981.300000000001,2211.300000000001
Keyboard,8,1037.44,375.36
Smartphone,14,21678.72,7597.800000000001
Projector,12,5241.96,891.0
Graphics Card,6,11209.68,3496.62
RAM,17,14446.43,6072.74
Graphics Card,2,490.6,126.78000000000003
Tablet,13,8560.5,2834.5200000000004
Keyboard,7,12570.32,4220.2300000000005
Speaker,4,548.8,141.51999999999998
Microphone,13,25244.440000000002,9156.810000000001
External HDD,20,27864.8,13100.0
E-book Reader,3,3479.6099999999997,707.5799999999997
Headphones,8,13612.32,3810.5599999999995
USB Drive,9,8687.25,1157.0399999999995
Mouse,11,17467.78,3160.629999999999
USB Drive,19,15172.449999999999,6399.959999999999
Keyboard,4,4041.52,1941.6399999999999
Power Bank,17,2054.45,587.5199999999998
External HDD,13,5727.8,645.3200000000006
Laptop,20,36337.2,7394.399999999996
RAM,3,1218.0,288.87000000000006
Projector,7,3005.24,676.06
Fitness Tracker,6,4766.4,2075.9399999999996
Drone,2,2145.22,503.1399999999999
Processor,18,10823.76,2798.100000000001
USB Drive,17,8374.88,844.2199999999995
TV,18,34754.76,11548.259999999998
Power Bank,12,23787.12,8117.52
Smart Light,3,546.27,115.77000000000001
RAM,12,11621.64,1769.5200000000004
Fitness Tracker,12,20401.56,4302.2400000000025
Router,1,1784.0,337.79999999999995
SSD,1,1841.91,895.8100000000001
Smartphone,16,18690.4,2539.680000000002
TV,17,31556.59,14204.689999999999
Smartphone,14,19954.899999999998,3982.1599999999976
Motherboard,1,1935.06,382.14999999999986
Smartwatch,10,14708.800000000001,4153.000000000002
USB Drive,20,2521.2,577.8
Camera,20,33344.8,4760.999999999999
Smartphone,18,12847.5,3032.100000000001
Microphone,20,18743.2,4328.799999999999
External HDD,13,16388.84,4769.830000000001
RAM,12,7287.0,1593.0
External HDD,15,6932.55,2869.9500000000007
Projector,9,15394.050000000001,4240.4400000000005
Smart Light,20,31298.600000000002,7928.800000000001
External HDD,8,8276.48,3460.4799999999996
RAM,12,530.16,77.52000000000001
Tablet,4,4522.64,526.8800000000001
Graphics Card,18,20302.56,3984.660000000002
Microphone,19,6744.43,2534.4100000000003
Microphone,2,1248.34,380.0799999999999
Speaker,18,30690.72,12163.5
Headphones,16,29062.88,11087.2
Microphone,16,15086.88,4519.519999999999
Webcam,7,11641.07,5206.88
Mouse,8,7971.92,3935.44
Tablet,7,11586.470000000001,1179.6399999999999
SSD,2,742.12,192.14
Charger,10,18051.1,5660.299999999999
Graphics Card,11,7002.16,3276.239999999999
Laptop,11,9899.78,4778.18
Router,4,2025.96,757.76
Router,9,17707.23,6947.1
Microphone,14,17536.12,6090.699999999999
Keyboard,10,10076.0,2952.5
Processor,17,12449.44,2304.180000000001
Printer,12,16722.36,4042.5599999999986
Motherboard,7,7171.29,2414.5800000000004
Tablet,12,1566.3600000000001,265.44000000000005
Game Console,13,21857.29,4161.039999999999
Smartphone,10,10425.2,1740.9000000000003
Graphics Card,5,1774.5,397.6999999999998
Microphone,13,3935.4900000000002,523.9000000000001
Printer,16,9563.52,2308.0
Charger,1,1713.42,664.72
Drone,10,3927.5,1298.8999999999999
Camera,3,3007.44,374.7900000000002
Microphone,18,1470.78,731.5199999999999
Printer,4,693.92,245.11999999999995
E-book Reader,4,7648.04,3396.2799999999997
Drone,6,9009.84,2502.8400000000006
Fitness Tracker,1,516.92,76.83999999999997
Printer,1,41.92,8.170000000000002
Monitor,12,2306.04,815.52
SSD,17,5621.56,2543.2
Smart Light,4,6572.48,926.6399999999994
Charger,3,4524.39,1214.7900000000002
Laptop,4,2429.52,590.8799999999999
Smartphone,12,13614.84,2629.079999999999
Power Bank,13,24982.36,6048.38
Drone,20,37979.2,11533.000000000002
RAM,15,21919.949999999997,5477.549999999997
Processor,11,20957.31,7646.210000000001
Processor,10,3107.9,377.8000000000003
Microphone,20,2475.0,919.1999999999998
Router,7,7790.4400000000005,1102.5700000000006
Fitness Tracker,4,5656.32,2050.3599999999997
RAM,16,24042.4,4229.120000000003
Laptop,3,4882.89,1961.1900000000005
USB Drive,15,742.35,143.40000000000003
Router,6,6024.24,689.5199999999998
Keyboard,9,2129.13,500.4899999999999
TV,11,14038.53,4084.1899999999996
Tablet,7,6710.97,3246.7400000000002
Printer,19,26233.49,9375.170000000002
Power Bank,6,2131.86,472.44000000000005
Monitor,15,5720.400000000001,1618.35
Smartphone,3,2736.48,830.94
TV,5,7090.15,1418.1999999999994
Processor,17,12588.84,3755.979999999999
Tablet,17,31093.34,8658.949999999999
TV,3,4858.89,566.6100000000004
Smartphone,6,8259.3,3690.84
Camera,11,20689.9,9280.480000000001
TV,16,18082.24,7869.920000000002
RAM,2,3603.9,1201.8400000000001
Fitness Tracker,11,2199.7799999999997,952.93
Smartphone,17,17677.62,7626.199999999999
Speaker,18,20353.86,3682.259999999999
Keyboard,2,3739.32,1653.8600000000001
Mouse,20,397.0,106.20000000000005
Speaker,11,10447.8,4425.08
Graphics Card,7,4475.87,960.0499999999998
Processor,16,10116.16,1372.9599999999991
Mouse,18,27382.32,9355.68
Speaker,15,7191.150000000001,3095.4
Webcam,10,2227.2,804.4999999999999
Router,20,9654.400000000001,4057.2000000000003
Microphone,1,1792.75,212.07999999999993
Smartphone,2,747.9,116.62
Headphones,19,17989.77,5020.75
Speaker,4,1541.0,477.0799999999999
E-book Reader,11,4533.87,1967.46
Speaker,1,902.72,199.60000000000002
Webcam,1,812.01,149.95000000000005
Keyboard,9,1045.8,267.48
Keyboard,14,6926.22,2350.3199999999997
Microphone,17,19833.73,5858.710000000002
SSD,16,4928.16,1874.08
Power Bank,19,5857.129999999999,1359.2599999999998
Power Bank,2,1789.44,694.6600000000001
Smartphone,9,6232.5,1599.1199999999994
Processor,7,10547.32,4727.099999999999
Router,5,9827.75,4585.849999999999
Power Bank,19,32942.39,13376.949999999999
Drone,18,2678.04,1142.1000000000001
Laptop,19,25916.0,6334.600000000002
Router,12,17274.84,2078.039999999998
Drone,12,325.08,60.719999999999985
Camera,20,7515.4,1934.5999999999992
USB Drive,9,6852.87,1291.229999999999
USB Drive,9,15132.78,7469.55
E-book Reader,13,14430.13,3753.88
Power Bank,2,3674.6,1815.6799999999998
Monitor,5,6702.6,1516.15
Mouse,19,32126.53,13337.05
Smartphone,20,36069.4,12801.199999999999
Headphones,2,2701.76,1272.0400000000002
External HDD,13,24292.32,10954.84
Projector,7,12883.64,3867.8499999999995
