date,product,quantity,unit_price,cost_price
2024-10-01,SSD,15,271.96,149.06
2024-10-01,RAM,18,1032.55,864.41
2024-10-01,Projector,18,1123.39,721.53
2024-10-01,Processor,6,1041.12,904.38
2024-10-01,Drone,19,796.93,668.39
2024-10-01,Projector,12,133.49,76.45
2024-10-01,Charger,3,1145.16,698.18
2024-10-01,Headphones,19,939.37,654.85
2024-10-01,Monitor,12,1570.15,1238.54
2024-10-01,Printer,15,1523.81,895.66
2024-10-01,Motherboard,20,79.35,47.92
2024-10-02,Charger,18,1310.96,1073.26
2024-10-02,RAM,14,1181.79,815.69
2024-10-02,Keyboard,10,323.54,282.93
2024-10-02,Smartwatch,8,476.58,263.19
2024-10-02,Webcam,11,155.3,137.92
2024-10-02,Processor,8,65.62,47.01
2024-10-02,Laptop,9,362.59,211.19
2024-10-03,Microphone,3,926.91,821.4
2024-10-03,Printer,15,1422.74,1219.02
2024-10-03,Charger,20,1797.82,1370.55
2024-10-03,Graphics Card,12,1027.71,806.81
2024-10-03,Smartwatch,12,1754.66,1509.39
2024-10-03,TV,20,1267.19,867.98
2024-10-03,Mouse,12,92.33,61.87
2024-10-03,Processor,20,1719.79,1422.18
2024-10-03,Projector,14,1203.26,655.29
2024-10-03,Smart Light,14,737.48,374.85
2024-10-03,Headphones,16,980.34,743.44
2024-10-04,Printer,18,772.01,526.39
2024-10-04,Monitor,13,1591.9,1160.5
2024-10-04,Router,19,1255.9,651.62
2024-10-04,Projector,17,1792.18,1121.23
2024-10-04,Fitness Tracker,13,367.21,209.4
2024-10-04,Power Bank,1,1098.22,559.25
2024-10-04,Camera,11,1068.65,548.29
2024-10-04,Charger,15,1869.11,1323.85
2024-10-04,Projector,5,831.33,489.61
2024-10-05,Laptop,11,663.28,548.86
2024-10-05,Drone,9,500.17,414.76
2024-10-05,Drone,10,142.92,87.9
2024-10-05,Charger,5,20.96,17.9
2024-10-05,Microphone,2,507.72,322.43
2024-10-05,Tablet,15,996.4,890.84
2024-10-05,Projector,20,337.38,288.14
2024-10-05,Keyboard,9,259.11,185.22
2024-10-05,RAM,5,1741.48,1058.59
2024-10-05,Laptop,2,765.1,582.94
2024-10-05,Game Console,13,1241.14,831.36
2024-10-05,Headphones,9,1674.87,1421.43
2024-10-06,SSD,6,1898.67,1199.09
2024-10-06,SSD,16,1228.32,1064.05
2024-10-06,Router,18,242.05,184.9
2024-10-06,Game Console,17,1495.91,1200.79
2024-10-06,Webcam,10,1765.21,1430.24
2024-10-06,SSD,1,1465.36,799.55
2024-10-06,RAM,20,539.5,462.36
2024-10-06,Printer,18,784.46,504.95
2024-10-06,Fitness Tracker,1,1781.37,1315.65
2024-10-07,Microphone,19,908.46,804.49
2024-10-07,RAM,12,1951.61,1208.25
2024-10-07,Router,1,1423.66,1104.5
2024-10-07,Motherboard,6,171.55,118.48
2024-10-07,Headphones,6,1218.56,846.72
2024-10-08,Smart Light,20,1227.81,848.49
2024-10-08,SSD,2,1630.2,1223.77
2024-10-08,Webcam,17,316.61,258.17
2024-10-08,Laptop,5,1116.66,782.92
2024-10-08,Router,4,392.68,228.44
2024-10-08,Monitor,7,67.02,44.74
2024-10-08,External HDD,3,1353.01,872.57
2024-10-08,Tablet,16,713.94,496.42
2024-10-08,Game Console,7,1675.98,1109.17
2024-10-08,Headphones,1,1103.76,604.37
2024-10-09,Motherboard,10,408.16,291.75
2024-10-09,E-book Reader,17,1555.76,1044.85
2024-10-09,Game Console,6,1573.36,870.33
2024-10-09,Mouse,16,1206.95,779.41
2024-10-09,Tablet,16,1883.33,949.63
2024-10-09,USB Drive,15,1184.0,917.61
2024-10-09,Processor,16,1632.42,1439.81
2024-10-09,Router,17,366.98,288.6
2024-10-09,Graphics Card,1,775.15,492.21
2024-10-10,Drone,11,1686.9,880.08
2024-10-10,Smartphone,11,892.4,608.09
2024-10-10,Projector,17,132.24,95.2
2024-10-10,Drone,3,1684.45,1025.34
2024-10-10,Camera,10,1539.61,858.28
2024-10-10,Motherboard,19,290.42,214.59
2024-10-10,Graphics Card,17,236.19,194.26
2024-10-11,Keyboard,1,1428.28,1282.38
2024-10-11,Tablet,4,588.4,432.77
2024-10-11,External HDD,16,1056.07,539.01
2024-10-11,Projector,6,495.9,349.5
2024-10-11,Charger,6,1202.84,771.18
2024-10-11,Headphones,15,1169.5,820.26
2024-10-11,Laptop,14,1019.64,559.21
2024-10-12,Microphone,16,194.62,171.28
2024-10-12,Keyboard,19,1099.61,695.25
2024-10-12,Processor,20,1618.26,1176.93
2024-10-12,Mouse,11,1975.66,1265.33
2024-10-12,Graphics Card,3,1140.22,683.97
2024-10-12,External HDD,16,1018.65,804.48
2024-10-12,Smartwatch,17,360.11,299.63
2024-10-12,Tablet,18,775.89,467.74
2024-10-12,Printer,19,832.17,584.57
2024-10-12,USB Drive,3,439.49,342.36
2024-10-12,Speaker,11,1146.76,953.23
2024-10-12,Power Bank,4,1292.47,675.08
2024-10-13,Graphics Card,20,932.15,603.67
2024-10-13,External HDD,12,1731.08,1338.63
2024-10-13,Laptop,3,1172.62,907.02
2024-10-13,RAM,7,156.39,129.75
2024-10-13,E-book Reader,4,1010.54,776.74
2024-10-14,USB Drive,11,1167.24,900.32
2024-10-14,Charger,15,1716.99,860.12
2024-10-14,Printer,9,531.64,464.23
2024-10-14,Motherboard,8,14.29,11.07
2024-10-14,Router,18,517.84,434.5
2024-10-14,Charger,18,82.36,69.93
2024-10-14,Drone,15,1762.37,1237.87
2024-10-14,External HDD,17,1157.04,1035.1
2024-10-14,Webcam,10,363.94,250.53
2024-10-14,Drone,19,1833.99,1101.24
2024-10-14,Headphones,5,1145.94,638.92
2024-10-14,Microphone,6,19.5,16.88
2024-10-14,Game Console,14,1173.46,996.66
2024-10-14,Webcam,13,1996.38,1470.02
2024-10-14,Power Bank,8,1095.62,938.99
2024-10-15,Mouse,4,1521.76,804.79
2024-10-15,Printer,4,1645.55,1034.96
2024-10-15,RAM,5,1595.68,953.62
2024-10-15,Headphones,13,1312.8,850.47
2024-10-15,Microphone,8,198.39,170.91
2024-10-15,Laptop,5,1874.13,960.34
2024-10-15,E-book Reader,2,1103.41,925.79
2024-10-15,Smartwatch,10,19.37,11.42
2024-10-15,Microphone,15,1773.53,1443.33
2024-10-15,Power Bank,2,700.56,533.65
2024-10-16,Mouse,7,596.12,409.27
2024-10-16,Smartwatch,6,321.46,279.84
2024-10-16,Tablet,3,842.79,525.94
2024-10-16,Game Console,2,1833.58,1085.71
2024-10-16,Smartphone,2,1408.37,1248.33
2024-10-16,RAM,20,563.79,443.47
2024-10-16,Printer,3,735.39,368.97
2024-10-17,SSD,17,712.01,394.62
2024-10-17,Mouse,1,1166.99,1022.32
2024-10-17,Tablet,10,32.05,23.83
2024-10-17,Headphones,7,1383.99,762.4
2024-10-17,Tablet,7,1666.12,842.33
2024-10-18,Smartphone,7,1496.36,1302.7
2024-10-18,Game Console,18,646.13,537.32
2024-10-18,Router,1,1257.46,756.4
2024-10-18,E-book Reader,3,406.13,253.25
2024-10-18,Mouse,8,289.22,186.92
2024-10-18,Projector,4,1032.92,682.88
2024-10-19,Camera,17,664.97,435.07
2024-10-19,Smartwatch,2,1568.4,1139.7
2024-10-19,Charger,3,761.52,642.54
2024-10-19,Graphics Card,19,774.85,558.36
2024-10-19,Webcam,16,766.79,552.1
2024-10-19,Headphones,10,1190.53,618.42
2024-10-20,External HDD,18,1393.92,806.28
2024-10-20,Projector,5,990.7,598.15
2024-10-20,Charger,9,1141.65,971.73
2024-10-20,Charger,6,1706.22,1351.98
2024-10-20,TV,2,1564.6,1155.08
2024-10-20,Projector,17,625.37,433.22
2024-10-20,E-book Reader,15,1971.28,1391.41
2024-10-20,Webcam,3,18.85,15.19
2024-10-20,Speaker,18,1818.67,1257.12
2024-10-20,Webcam,12,500.94,307.74
2024-10-21,Smartphone,13,585.01,467.36
2024-10-21,Drone,15,259.52,156.79
2024-10-21,Power Bank,20,478.15,400.42
2024-10-21,Microphone,19,1573.75,1368.37
2024-10-21,E-book Reader,16,11.8,9.01
2024-10-21,Power Bank,13,117.03,100.35
2024-10-21,Smartphone,1,1919.36,1386.16
2024-10-21,Drone,1,1397.61,870.33
2024-10-21,Speaker,17,654.09,352.62
2024-10-22,Webcam,18,1861.93,1517.57
2024-10-22,Keyboard,9,433.61,384.09
2024-10-22,Laptop,16,1482.8,796.37
2024-10-22,E-book Reader,13,960.78,642.28
2024-10-22,Smartwatch,20,220.04,195.6
2024-10-22,Router,11,167.57,105.23
2024-10-22,Mouse,5,1152.62,768.01
2024-10-22,Smart Light,19,1902.93,1519.07
2024-10-22,Camera,12,1570.31,896.63
2024-10-22,Graphics Card,4,1683.24,1298.72
2024-10-23,Drone,17,574.73,499.33
2024-10-23,Laptop,5,937.82,498.17
2024-10-23,TV,12,332.74,195.98
2024-10-23,Mouse,20,303.0,230.98
2024-10-23,Mouse,19,1022.82,913.8
2024-10-23,Smartwatch,20,813.1,589.15
2024-10-23,Tablet,3,961.69,726.15
2024-10-23,Smart Light,20,1010.72,629.97
2024-10-23,Game Console,20,1518.53,1340.48
2024-10-23,Headphones,14,1931.83,1003.27
2024-10-23,SSD,4,1899.89,1376.35
2024-10-23,RAM,3,694.62,550.84
2024-10-23,Processor,8,1825.29,1527.58
2024-10-24,Motherboard,16,511.78,417.32
2024-10-24,RAM,15,957.74,613.94
2024-10-24,Processor,14,92.01,78.61
2024-10-24,Mouse,14,221.79,154.82
2024-10-24,E-book Reader,14,1475.92,1226.97
2024-10-24,Fitness Tracker,14,227.77,169.54
2024-10-24,Speaker,2,1799.32,1073.81
2024-10-24,External HDD,20,98.24,73.9
2024-10-24,Smart Light,8,774.15,492.18
2024-10-24,Laptop,19,1680.08,1085.09
2024-10-24,Monitor,6,274.07,167.43
2024-10-24,External HDD,1,825.89,686.24
2024-10-25,USB Drive,20,53.21,29.09
2024-10-25,Graphics Card,10,776.64,574.09
2024-10-25,Microphone,1,1801.7,972.08
2024-10-25,Headphones,16,450.47,293.4
2024-10-25,Game Console,18,773.1,667.3
2024-10-25,Laptop,2,1354.26,690.83
2024-10-25,Smartwatch,8,1821.28,1513.96
2024-10-25,Smart Light,19,1342.9,1163.44
2024-10-25,E-book Reader,10,1016.35,796.12
2024-10-25,TV,19,1330.29,715.18
2024-10-25,External HDD,10,659.77,427.96
2024-10-25,Speaker,8,61.75,55.06
2024-10-25,Drone,16,1323.5,882.85
2024-10-25,Motherboard,13,695.78,508.57
2024-10-26,TV,12,1707.69,1205.35
2024-10-26,External HDD,19,1280.01,698.42
2024-10-26,Printer,13,1533.23,1350.6
2024-10-26,Keyboard,15,1130.59,582.1
2024-10-26,Headphones,2,1512.1,872.16
2024-10-26,Smartphone,2,1078.85,878.03
2024-10-26,Charger,17,1898.89,1262.66
2024-10-26,Webcam,16,133.94,106.74
2024-10-26,Graphics Card,9,859.93,502.99
2024-10-26,Power Bank,2,1895.15,1230.34
2024-10-26,E-book Reader,2,986.36,853.55
2024-10-26,External HDD,3,1639.21,1306.48
2024-10-26,Webcam,14,1441.76,1182.76
2024-10-26,Printer,4,1888.76,1124.53
2024-10-27,Mouse,3,1019.39,886.06
2024-10-27,USB Drive,10,1836.86,986.13
2024-10-27,Projector,9,137.48,74.53
2024-10-27,Fitness Tracker,6,199.03,176.27
2024-10-27,TV,3,1395.68,851.2
2024-10-27,TV,5,1182.97,591.98
2024-10-28,Speaker,12,1995.06,1427.93
2024-10-28,Smart Light,15,257.21,224.75
2024-10-28,Fitness Tracker,6,1846.16,1285.54
2024-10-28,Tablet,5,1689.11,878.39
2024-10-28,Camera,19,1113.34,836.16
2024-10-28,Charger,6,1992.02,1526.0
2024-10-28,Webcam,16,1681.21,880.2
2024-10-28,Laptop,6,1853.6,1032.61
2024-10-29,Router,15,1816.88,1319.43
2024-10-29,Speaker,18,1843.25,1383.78
2024-10-29,SSD,5,1389.96,976.89
2024-10-29,Processor,19,406.45,203.98
2024-10-29,Mouse,19,610.11,403.88
2024-10-29,RAM,17,250.3,210.7
2024-10-29,Tablet,1,1305.6,682.54
2024-10-29,Laptop,11,107.27,61.06
2024-10-29,Smartwatch,6,305.77,259.55
2024-10-29,Laptop,13,827.12,524.99
2024-10-29,Monitor,9,658.66,454.15
2024-10-30,External HDD,8,874.86,585.21
2024-10-30,Power Bank,20,1502.62,1288.78
2024-10-30,Tablet,16,729.46,475.34
2024-10-30,Microphone,16,1874.23,1578.16
2024-10-30,External HDD,16,1904.05,1331.53
2024-10-30,Game Console,16,965.59,489.13
2024-10-30,Fitness Tracker,20,1283.98,727.56
2024-10-30,SSD,14,172.83,125.22
2024-10-30,Smart Light,9,1092.32,588.25
2024-10-31,Charger,17,363.04,226.82
2024-10-31,Charger,2,285.7,192.77
2024-10-31,Drone,17,256.43,192.33
2024-10-31,Graphics Card,6,971.41,514.64
2024-10-31,Smart Light,19,1746.0,1449.02
2024-10-31,Motherboard,13,1108.79,950.15
2024-10-31,Projector,12,1227.99,983.36
2024-10-31,Printer,7,811.56,552.57
2024-10-31,Laptop,10,391.51,288.51
2024-11-01,Printer,14,248.41,166.98
2024-11-01,Laptop,2,1292.99,781.33
2024-11-01,RAM,14,1207.99,798.23
2024-11-01,Router,7,970.71,499.27
2024-11-01,External HDD,4,1113.37,731.77
2024-11-01,External HDD,13,1639.68,1100.68
2024-11-01,RAM,8,1926.62,1574.46
2024-11-01,Printer,13,666.13,551.24
2024-11-01,Fitness Tracker,19,247.89,151.48
2024-11-01,Smartwatch,6,428.54,219.28
2024-11-01,Processor,4,964.17,651.76
2024-11-01,Mouse,20,1416.4,738.83
2024-11-02,Smartwatch,10,224.37,121.76
2024-11-02,Camera,11,1468.92,1264.88
2024-11-02,RAM,15,653.31,383.44
2024-11-02,Projector,14,1706.84,1327.57
2024-11-02,Speaker,1,1592.97,1246.93
2024-11-02,Fitness Tracker,12,711.59,519.36
2024-11-02,Motherboard,18,720.68,553.2
2024-11-02,Webcam,20,469.44,314.71
2024-11-02,Webcam,19,394.87,335.62
2024-11-02,Monitor,20,771.66,663.64
2024-11-02,Processor,1,59.81,47.15
2024-11-02,Game Console,5,160.91,89.97
2024-11-02,Graphics Card,15,849.92,519.93
2024-11-02,TV,13,1844.63,1085.51
2024-11-02,Motherboard,6,466.58,274.84
2024-11-03,TV,7,1024.61,646.05
2024-11-03,Motherboard,8,1408.83,741.98
2024-11-03,Camera,4,1530.0,825.32
2024-11-03,Headphones,8,1614.78,1083.64
2024-11-03,Microphone,6,479.05,366.2
2024-11-03,Smart Light,19,1380.81,959.28
2024-11-03,USB Drive,8,361.7,214.75
2024-11-03,Laptop,1,246.36,182.37
2024-11-03,Smartwatch,2,1461.16,846.65
2024-11-03,E-book Reader,19,437.63,298.45
2024-11-03,Smart Light,8,677.62,440.38
2024-11-03,Charger,13,1318.88,1061.75
2024-11-04,Printer,4,506.1,440.11
2024-11-04,Smartphone,18,1492.05,1065.05
2024-11-04,Router,17,457.51,347.98
2024-11-04,Smart Light,1,1972.39,1115.63
2024-11-04,Graphics Card,1,109.69,85.29
2024-11-04,Router,7,1969.54,1335.56
2024-11-04,Speaker,5,236.77,171.45
2024-11-04,Camera,17,1649.6,1447.07
2024-11-04,Laptop,14,1629.83,897.96
2024-11-04,TV,2,126.76,112.08
2024-11-04,Smart Light,11,713.88,558.25
2024-11-04,TV,8,1175.09,721.12
2024-11-04,Smartphone,19,710.07,598.29
2024-11-04,Router,17,1253.04,910.93
2024-11-05,Smartwatch,11,1887.92,1678.56
2024-11-05,Speaker,9,1827.82,1396.65
2024-11-05,Monitor,4,641.79,393.85
2024-11-05,Smart Light,7,1568.77,1255.82
2024-11-05,Smart Light,3,856.76,565.98
2024-11-05,Game Console,18,915.78,747.11
2024-11-05,External HDD,14,1136.69,752.75
2024-11-05,Power Bank,11,1217.79,1068.78
2024-11-05,Mouse,11,1361.67,810.97
2024-11-05,Speaker,16,446.27,290.11
2024-11-05,Speaker,14,1524.83,1040.05
2024-11-05,SSD,8,919.22,667.34
2024-11-05,Tablet,15,455.47,365.19
2024-11-06,Mouse,12,1584.86,1208.7
2024-11-06,Microphone,7,1449.17,990.23
2024-11-06,Graphics Card,9,848.6,535.88
2024-11-06,Printer,15,899.91,655.25
2024-11-06,Monitor,18,1256.12,882.9
2024-11-06,SSD,2,1685.92,864.38
2024-11-07,Keyboard,2,1668.14,970.99
2024-11-07,Game Console,7,657.27,383.15
2024-11-07,Game Console,13,869.6,711.57
2024-11-07,Headphones,13,954.67,682.08
2024-11-07,Motherboard,7,1538.11,1311.19
2024-11-07,Fitness Tracker,11,1121.7,799.78
2024-11-07,Smart Light,20,916.55,688.74
2024-11-07,Keyboard,15,1046.87,896.91
2024-11-07,Headphones,8,1587.27,1292.37
2024-11-07,Monitor,3,1621.92,1216.49
2024-11-08,Mouse,16,849.79,595.24
2024-11-08,Graphics Card,6,1899.28,1566.89
2024-11-08,Speaker,17,896.91,674.96
2024-11-08,SSD,1,1085.86,625.45
2024-11-08,Mouse,19,33.38,22.16
2024-11-08,Fitness Tracker,7,276.18,181.37
2024-11-08,Camera,3,1023.65,881.59
2024-11-09,TV,4,1182.87,837.24
2024-11-09,SSD,20,180.84,151.71
2024-11-09,Router,6,34.46,18.24
2024-11-09,Microphone,5,1820.3,1289.92
2024-11-09,Mouse,8,221.12,147.93
2024-11-09,SSD,14,1829.79,945.01
2024-11-09,RAM,11,821.4,633.56
2024-11-09,TV,8,345.03,252.3
2024-11-10,Headphones,16,691.79,374.65
2024-11-10,Speaker,3,689.08,546.74
2024-11-10,Printer,1,1422.49,828.29
2024-11-10,TV,12,736.17,573.9
2024-11-10,Headphones,9,724.0,622.65
2024-11-10,Graphics Card,18,511.17,458.96
2024-11-10,Webcam,16,891.74,736.6
2024-11-10,Webcam,9,590.59,442.9
2024-11-10,Camera,11,41.56,34.26
2024-11-10,Headphones,13,542.9,385.04
2024-11-10,Tablet,18,1465.44,1161.2
2024-11-11,E-book Reader,3,1220.94,677.06
2024-11-11,Charger,15,600.38,535.49
2024-11-11,TV,5,1283.62,983.09
2024-11-11,SSD,4,1740.1,1116.69
2024-11-11,Camera,10,555.39,401.88
2024-11-11,Graphics Card,8,1761.31,1246.02
2024-11-11,Microphone,5,266.98,192.05
2024-11-11,Laptop,12,728.56,601.89
2024-11-11,E-book Reader,13,1114.85,716.08
2024-11-11,SSD,15,945.51,740.08
2024-11-11,Speaker,1,1972.58,1065.59
2024-11-11,External HDD,10,475.12,388.67
2024-11-11,Webcam,18,742.02,587.68
2024-11-11,Mouse,8,635.42,441.82
2024-11-11,Smart Light,7,612.09,515.88
2024-11-12,Projector,14,216.1,185.27
2024-11-12,Graphics Card,17,946.54,509.55
2024-11-12,Monitor,9,494.01,312.3
2024-11-12,Game Console,3,1980.89,1768.4
2024-11-12,Laptop,19,741.59,537.58
2024-11-12,Smartphone,9,313.76,250.13
2024-11-12,Speaker,9,549.76,330.68
2024-11-12,Laptop,2,1744.12,1076.72
2024-11-12,Speaker,7,318.61,265.01
2024-11-12,Laptop,14,1822.37,1039.28
2024-11-12,USB Drive,19,1310.33,1065.74
2024-11-12,Graphics Card,5,779.55,681.63
2024-11-12,Laptop,19,89.38,50.62
2024-11-12,Camera,16,1299.5,722.35
2024-11-12,Printer,16,580.02,462.4
2024-11-13,Smartwatch,4,1483.13,901.53
2024-11-13,Smartwatch,13,1364.01,805.01
2024-11-13,Charger,6,1273.49,738.78
2024-11-13,RAM,3,83.88,54.97
2024-11-13,Laptop,13,896.76,642.42
2024-11-13,Processor,16,956.9,775.59
2024-11-13,Monitor,5,672.65,598.48
2024-11-13,External HDD,11,71.52,35.92
2024-11-13,SSD,10,1497.14,1271.54
2024-11-13,Headphones,11,1843.42,1514.75
2024-11-13,RAM,2,269.97,142.07
2024-11-13,Charger,15,145.18,94.05
2024-11-14,Laptop,7,423.55,307.02
2024-11-14,Smart Light,4,1691.9,1128.73
2024-11-14,Fitness Tracker,14,651.0,538.96
2024-11-14,Webcam,15,921.14,482.76
2024-11-14,Laptop,11,235.58,192.8
2024-11-14,Charger,4,36.7,27.56
2024-11-15,External HDD,19,975.67,833.73
2024-11-15,Drone,7,1938.31,1046.08
2024-11-15,Headphones,13,1402.8,1128.29
2024-11-15,Webcam,4,711.89,414.68
2024-11-15,SSD,11,618.1,362.41
2024-11-15,E-book Reader,18,1758.16,1249.95
2024-11-15,External HDD,18,1284.98,750.4
2024-11-15,Smartphone,5,1772.34,1525.02
2024-11-15,Printer,19,1207.54,1063.39
2024-11-15,Printer,9,617.96,362.1
2024-11-15,Drone,9,156.95,95.64
2024-11-15,Smart Light,15,524.3,288.48
2024-11-16,Camera,2,405.06,223.27
2024-11-16,Graphics Card,6,604.36,502.11
2024-11-16,Router,1,1148.57,942.11
2024-11-16,Fitness Tracker,1,368.38,269.33
2024-11-16,Keyboard,11,841.8,581.46
2024-11-16,Motherboard,15,889.05,713.22
2024-11-16,Fitness Tracker,7,1875.39,1551.65
2024-11-16,Charger,3,1857.61,1094.59
2024-11-16,Charger,8,1966.48,1163.95
2024-11-17,Webcam,1,1640.11,1290.79
2024-11-17,E-book Reader,15,162.78,98.55
2024-11-17,Monitor,1,232.84,190.65
2024-11-17,Tablet,4,1570.44,1172.93
2024-11-17,Processor,18,1407.62,1133.72
2024-11-17,Tablet,19,608.95,448.74
2024-11-17,Motherboard,2,155.23,99.83
2024-11-17,Projector,19,362.12,231.79
2024-11-17,TV,15,32.18,25.93
2024-11-17,RAM,1,1651.36,1385.45
2024-11-17,Router,8,338.95,270.87
2024-11-17,Power Bank,8,536.14,299.12
2024-11-17,Monitor,11,1886.93,1376.82
2024-11-17,Speaker,11,83.63,53.5
2024-11-18,Headphones,12,1889.86,1520.91
2024-11-18,Smart Light,3,1655.38,1363.65
2024-11-18,Webcam,19,621.76,347.9
2024-11-18,Camera,6,1187.48,1065.24
2024-11-18,SSD,20,1907.43,1203.23
2024-11-19,Graphics Card,11,641.76,458.47
2024-11-19,Fitness Tracker,5,140.13,88.61
2024-11-19,Processor,17,374.37,218.2
2024-11-19,Printer,14,168.07,85.5
2024-11-19,Laptop,15,358.29,237.21
2024-11-19,Charger,14,1525.61,766.77
2024-11-19,Speaker,20,592.4,474.65
2024-11-19,Webcam,3,1875.83,1453.64
2024-11-20,Keyboard,12,1033.77,751.55
2024-11-20,Tablet,6,913.68,821.35
2024-11-20,Smart Light,16,97.94,66.93
2024-11-20,Speaker,16,1363.15,915.75
2024-11-20,Laptop,5,1694.8,1005.28
2024-11-20,Projector,20,1483.6,772.02
2024-11-20,External HDD,3,645.5,385.18
2024-11-20,Fitness Tracker,19,271.01,233.8
2024-11-20,Webcam,3,1742.67,1385.54
2024-11-20,Laptop,4,1328.11,1163.46
2024-11-20,E-book Reader,20,662.6,421.56
2024-11-20,Game Console,3,854.06,645.52
2024-11-20,Processor,15,1212.51,1055.73
2024-11-21,Keyboard,13,250.2,182.72
2024-11-21,Smartwatch,5,183.68,162.7
2024-11-21,E-book Reader,16,913.26,701.71
2024-11-21,E-book Reader,18,1847.46,1353.53
2024-11-21,Smart Light,10,1386.91,752.12
2024-11-21,Projector,17,1934.47,1140.1
2024-11-21,Smartphone,4,747.92,380.54
2024-11-21,RAM,3,1899.95,1065.22
2024-11-21,Projector,8,985.54,596.86
2024-11-21,Smartphone,19,1294.14,783.22
2024-11-21,RAM,20,536.32,434.87
2024-11-21,Tablet,19,973.63,752.69
2024-11-21,Graphics Card,7,1219.29,615.02
2024-11-21,USB Drive,19,1065.73,852.35
2024-11-21,E-book Reader,2,579.9,331.26
2024-11-22,Drone,18,307.66,234.09
2024-11-22,Printer,16,1840.71,1257.15
2024-11-22,Printer,18,826.66,422.6
2024-11-22,Router,12,1978.46,1692.11
2024-11-22,Game Console,20,1503.48,1264.49
2024-11-22,Smartphone,6,485.82,250.07
2024-11-22,Laptop,12,493.72,369.55
2024-11-22,Webcam,18,103.76,54.65
2024-11-22,Tablet,8,333.74,297.39
2024-11-22,Power Bank,6,551.08,296.22
2024-11-22,SSD,12,736.36,522.21
2024-11-23,Laptop,5,1059.39,680.58
2024-11-23,Smartphone,18,1506.07,762.54
2024-11-23,Mouse,20,367.97,233.37
2024-11-23,Mouse,15,542.82,459.38
2024-11-23,Graphics Card,15,892.63,539.6
2024-11-23,Smartphone,1,357.6,321.2
2024-11-23,Processor,9,238.03,205.02
2024-11-24,SSD,9,154.38,79.9
2024-11-24,Mouse,6,412.18,252.67
2024-11-24,Webcam,3,272.21,233.5
2024-11-24,Printer,1,727.89,603.95
2024-11-24,Router,3,1198.19,694.87
2024-11-24,Keyboard,16,1668.15,1019.73
2024-11-24,Power Bank,3,812.52,437.55
2024-11-24,Processor,3,1488.43,1032.12
2024-11-24,Mouse,8,386.88,258.26
2024-11-24,Power Bank,10,91.59,78.15
2024-11-24,Motherboard,2,1692.85,1050.7
2024-11-24,Keyboard,18,124.85,71.19
2024-11-25,Laptop,4,695.54,455.52
2024-11-25,Projector,12,1355.16,756.29
2024-11-25,Laptop,19,1926.31,1260.92
2024-11-25,SSD,3,768.82,559.59
2024-11-25,Smart Light,3,414.98,288.8
2024-11-26,USB Drive,15,1803.63,1105.0
2024-11-26,Drone,4,1233.41,732.33
2024-11-26,Power Bank,15,736.88,525.05
2024-11-26,Headphones,13,1587.91,1092.74
2024-11-26,Keyboard,12,93.2,60.75
2024-11-27,Speaker,19,1700.82,1420.54
2024-11-27,Headphones,5,1517.69,949.93
2024-11-27,Camera,7,1971.01,1055.23
2024-11-27,Monitor,14,417.54,344.8
2024-11-27,Smartphone,12,537.11,380.4
2024-11-27,Headphones,2,1565.21,1120.11
2024-11-27,Drone,9,886.11,742.57
2024-11-27,Smart Light,11,433.14,384.1
2024-11-27,Headphones,3,666.75,378.83
2024-11-27,Monitor,10,85.41,66.07
2024-11-28,Mouse,15,1705.68,893.63
2024-11-28,Keyboard,18,1273.76,1037.58
2024-11-28,SSD,19,541.25,327.67
2024-11-28,Game Console,7,987.48,804.14
2024-11-28,Printer,1,1054.08,852.92
2024-11-28,Router,8,1262.3,1116.36
2024-11-28,RAM,9,1094.34,979.33
2024-11-28,Game Console,1,1807.01,1604.29
2024-11-28,Processor,15,822.71,602.85
2024-11-28,Motherboard,20,1975.57,1562.42
2024-11-29,Drone,17,1655.05,908.33
2024-11-29,Webcam,12,1226.62,1084.32
2024-11-29,E-book Reader,18,1982.46,1500.1
2024-11-29,Power Bank,1,299.78,239.03
2024-11-29,Smartwatch,3,1604.75,1311.91
2024-11-29,SSD,8,1738.86,1405.71
2024-11-29,Mouse,7,1702.54,1290.53
2024-11-29,USB Drive,19,75.81,60.35
2024-11-29,Camera,19,1905.37,1355.31
2024-11-29,Headphones,14,1122.88,669.01
2024-11-29,Drone,19,950.27,679.11
2024-11-29,Tablet,7,1521.69,1225.29
2024-11-30,Camera,7,716.21,581.0
2024-11-30,Smart Light,12,1395.38,1120.62
2024-11-30,Speaker,7,1560.75,811.63
2024-11-30,Drone,4,1180.63,895.08
2024-11-30,Mouse,14,1685.44,1136.59
2024-11-30,Smart Light,4,79.15,51.51
2024-11-30,Headphones,16,1660.13,832.54
2024-11-30,RAM,18,902.13,604.27
2024-11-30,Projector,5,1842.45,1282.09
2024-11-30,Drone,4,754.28,579.8
2024-11-30,Graphics Card,3,665.9,343.2
2024-11-30,Tablet,10,945.52,641.57
2024-11-30,SSD,10,1356.27,854.81
2024-11-30,Keyboard,19,1304.38,729.56
2024-12-01,Fitness Tracker,8,978.43,682.65
2024-12-01,Smartphone,18,990.39,512.53
2024-12-01,Power Bank,17,827.7,688.7
2024-12-01,Smartphone,8,543.91,405.31
2024-12-01,SSD,3,296.81,177.57
2024-12-01,Charger,20,431.55,271.63
2024-12-01,Smartphone,3,960.86,777.23
2024-12-01,RAM,19,412.41,246.41
2024-12-01,Camera,7,952.82,853.36
2024-12-01,Keyboard,8,897.53,500.6
2024-12-02,USB Drive,15,1123.05,985.6
2024-12-02,Speaker,5,1092.84,965.86
2024-12-02,Game Console,17,1710.7,873.46
2024-12-02,Microphone,8,1454.53,829.95
2024-12-02,Processor,6,365.75,256.87
2024-12-02,Keyboard,8,1378.36,1065.79
2024-12-02,Monitor,15,1253.95,648.33
2024-12-02,Microphone,20,1664.91,1032.12
2024-12-02,E-book Reader,15,1429.59,1049.91
2024-12-03,TV,2,1030.18,686.13
2024-12-03,Tablet,11,1336.29,679.04
2024-12-03,Fitness Tracker,8,1719.98,987.84
2024-12-03,Mouse,20,669.87,503.03
2024-12-03,Drone,15,1703.7,1500.32
2024-12-03,Smartwatch,12,1445.16,913.74
2024-12-03,Power Bank,11,1466.42,1151.04
2024-12-04,Fitness Tracker,12,1121.18,870.75
2024-12-04,Charger,11,564.62,398.0
2024-12-04,Smart Light,14,492.27,371.04
2024-12-04,Laptop,19,200.32,172.09
2024-12-04,Processor,9,99.47,66.12
2024-12-04,Printer,10,687.66,550.96
2024-12-04,Graphics Card,17,1800.84,1537.72
2024-12-04,Power Bank,20,908.09,614.62
2024-12-04,Smartwatch,14,1684.38,1199.69
2024-12-04,SSD,12,962.54,641.28
2024-12-04,Headphones,4,1051.16,695.31
2024-12-04,Speaker,6,869.46,506.34
2024-12-04,Projector,3,463.17,253.34
2024-12-04,Charger,14,1266.15,1056.32
2024-12-04,RAM,20,1399.33,1257.34
2024-12-05,Microphone,5,92.36,79.81
2024-12-05,External HDD,6,912.88,563.84
2024-12-05,External HDD,4,93.29,72.24
2024-12-05,Keyboard,15,424.26,312.7
2024-12-05,Keyboard,6,575.53,358.51
2024-12-05,Drone,18,474.33,340.28
2024-12-05,Mouse,19,150.09,120.15
2024-12-05,External HDD,8,406.77,252.19
2024-12-05,Monitor,16,315.74,230.92
2024-12-05,Router,9,1155.9,626.71
2024-12-06,Mouse,16,1483.66,857.96
2024-12-06,Processor,1,741.74,395.43
2024-12-06,TV,5,1242.39,1100.18
2024-12-06,USB Drive,17,1804.4,1135.4
2024-12-06,Headphones,19,896.99,675.64
2024-12-06,Router,4,578.48,320.71
2024-12-06,Smartphone,10,355.65,316.59
2024-12-06,E-book Reader,18,1801.14,1047.07
2024-12-06,TV,4,1301.39,753.34
2024-12-07,Laptop,16,1209.09,1060.72
2024-12-07,Headphones,12,1661.69,1086.12
2024-12-07,Game Console,13,1429.66,783.65
2024-12-07,Mouse,1,800.39,406.9
2024-12-07,E-book Reader,20,1330.73,1013.44
2024-12-07,Motherboard,13,1163.31,1032.93
2024-12-07,Drone,18,1484.44,842.07
2024-12-07,TV,9,462.0,290.71
2024-12-07,Printer,20,974.26,810.5
2024-12-07,Processor,1,922.8,646.38
2024-12-07,Game Console,20,355.74,245.78
2024-12-07,TV,13,901.77,780.93
2024-12-08,Camera,6,1175.87,677.12
2024-12-08,TV,19,1045.76,827.25
2024-12-08,Mouse,19,671.53,339.45
2024-12-08,Processor,2,1562.97,926.24
2024-12-08,Smartphone,1,144.5,77.96
2024-12-08,Printer,12,1832.88,1225.71
2024-12-08,Webcam,20,579.26,507.96
2024-12-08,Smartphone,14,1681.41,1365.14
2024-12-08,TV,4,1738.28,1058.49
2024-12-08,TV,5,1652.67,1143.48
2024-12-08,Motherboard,11,1317.84,1013.71
2024-12-08,Charger,3,940.26,690.23
2024-12-08,RAM,19,866.74,775.12
2024-12-08,Keyboard,2,1500.59,883.99
2024-12-09,Headphones,17,1165.45,727.19
2024-12-09,Microphone,8,633.08,514.56
2024-12-09,SSD,15,424.2,216.32
2024-12-09,Camera,8,1086.74,951.06
2024-12-09,SSD,15,1521.68,1104.6
2024-12-09,Smartphone,5,952.91,732.37
2024-12-09,Fitness Tracker,10,1859.77,1555.28
2024-12-09,Printer,1,928.77,724.29
2024-12-09,Printer,11,124.75,107.34
2024-12-09,Webcam,13,1475.16,935.25
2024-12-09,Game Console,11,985.58,546.62
2024-12-10,Charger,20,1709.49,1169.28
2024-12-10,Monitor,12,1433.28,1038.14
2024-12-10,RAM,11,818.97,463.44
2024-12-10,Smartphone,20,731.91,410.48
2024-12-10,Router,7,1650.38,1084.93
2024-12-10,RAM,17,523.43,418.25
2024-12-10,Fitness Tracker,10,257.44,209.33
2024-12-10,Projector,11,624.04,374.05
2024-12-10,Fitness Tracker,1,1987.35,1430.37
2024-12-10,E-book Reader,20,1749.17,947.38
2024-12-10,Camera,18,979.48,688.98
2024-12-10,USB Drive,2,1621.03,850.13
2024-12-11,Headphones,5,1785.31,1330.5
2024-12-11,Headphones,18,1257.66,772.58
2024-12-11,Charger,8,1906.11,1283.02
2024-12-11,Motherboard,18,1527.42,1074.1
2024-12-11,Smart Light,10,1775.62,1207.92
2024-12-11,Mouse,11,523.6,470.9
2024-12-11,E-book Reader,18,865.17,716.1
2024-12-11,Smart Light,5,777.22,430.28
2024-12-11,Webcam,5,981.66,618.22
2024-12-11,RAM,11,303.09,255.76
2024-12-12,Camera,20,1665.56,1228.21
2024-12-12,Speaker,20,1934.27,1273.55
2024-12-12,Projector,7,188.99,151.96
2024-12-12,Motherboard,12,286.45,187.39
2024-12-12,Mouse,6,12.05,6.7
2024-12-12,Laptop,9,970.45,514.4
2024-12-12,E-book Reader,4,1729.26,957.55
2024-12-12,E-book Reader,8,1787.56,1239.9
2024-12-12,Fitness Tracker,20,1087.19,646.06
2024-12-12,Mouse,7,1966.71,1391.82
2024-12-12,Monitor,2,630.55,398.79
2024-12-12,RAM,6,305.81,178.81
2024-12-12,E-book Reader,12,413.94,229.36
2024-12-12,Smartwatch,15,1668.86,1382.01
2024-12-13,Graphics Card,5,1421.72,1107.31
2024-12-13,Microphone,20,1125.91,755.36
2024-12-13,E-book Reader,12,443.25,365.92
2024-12-13,Processor,17,755.87,458.86
2024-12-13,RAM,12,868.13,524.43
2024-12-13,Camera,6,381.07,276.09
2024-12-13,SSD,4,1733.6,1136.69
2024-12-13,Smartwatch,20,128.45,71.98
2024-12-13,External HDD,17,1138.08,589.33
2024-12-14,Smartwatch,4,1721.59,1523.32
2024-12-14,TV,16,1599.96,1105.37
2024-12-14,Headphones,1,911.32,796.47
2024-12-14,Printer,11,802.26,705.69
2024-12-14,Game Console,14,1465.0,864.71
2024-12-14,Fitness Tracker,7,1773.23,1481.59
2024-12-14,Motherboard,9,1775.96,910.87
2024-12-14,SSD,4,196.31,172.37
2024-12-14,Fitness Tracker,16,1602.43,1284.91
2024-12-14,TV,19,727.59,470.05
2024-12-14,TV,20,929.69,625.13
2024-12-14,Drone,11,1288.14,818.9
2024-12-15,Webcam,1,255.02,220.24
2024-12-15,Processor,17,461.55,314.87
2024-12-15,Drone,1,1302.92,773.45
2024-12-15,Projector,6,1669.7,1375.6
2024-12-15,Webcam,20,1844.72,1263.2
2024-12-15,Camera,5,569.05,383.76
2024-12-15,Tablet,6,1195.14,764.13
2024-12-15,Smartwatch,11,668.05,416.82
2024-12-15,Smart Light,12,517.19,325.93
2024-12-15,Game Console,1,1194.49,716.58
2024-12-15,Laptop,20,1752.89,1523.31
2024-12-15,Game Console,3,795.61,504.66
2024-12-15,TV,19,873.77,674.38
2024-12-15,External HDD,20,451.74,241.86
2024-12-15,Smart Light,17,1512.41,787.26
2024-12-16,Webcam,1,212.05,112.82
2024-12-16,Graphics Card,13,636.09,565.75
2024-12-16,USB Drive,2,879.5,718.22
2024-12-16,Camera,6,1545.29,1348.62
2024-12-16,Game Console,20,1840.34,1258.44
2024-12-16,Headphones,9,344.24,272.4
2024-12-16,Smart Light,8,311.5,249.39
2024-12-16,Projector,16,64.72,50.21
2024-12-16,Mouse,3,94.68,52.99
2024-12-17,External HDD,14,670.23,498.31
2024-12-17,Smartwatch,3,1919.82,1082.66
2024-12-17,SSD,10,164.79,118.94
2024-12-17,Keyboard,12,1099.96,949.17
2024-12-17,Smart Light,9,1337.05,697.62
2024-12-17,Power Bank,12,205.91,155.63
2024-12-17,TV,19,1400.54,748.54
2024-12-18,Microphone,12,1805.22,1586.04
2024-12-18,Smartwatch,3,1477.04,1015.43
2024-12-18,Processor,15,1029.32,699.61
2024-12-18,Mouse,4,1982.62,1334.46
2024-12-18,TV,5,881.94,582.75
2024-12-18,USB Drive,10,789.12,688.69
2024-12-18,Fitness Tracker,6,407.93,277.1
2024-12-18,Game Console,1,1351.59,720.12
2024-12-18,Tablet,15,1178.26,1007.78
2024-12-18,Motherboard,1,288.23,218.21
2024-12-18,TV,3,798.68,505.94
2024-12-18,Mouse,15,1806.64,1494.53
2024-12-18,Motherboard,7,532.13,439.8
2024-12-18,Power Bank,2,1593.39,1006.49
2024-12-19,Charger,17,23.37,20.24
2024-12-19,Laptop,1,1275.32,893.03
2024-12-19,Microphone,10,233.57,188.94
2024-12-19,Headphones,9,356.73,280.7
2024-12-19,Drone,9,581.88,360.19
2024-12-19,RAM,11,1574.06,1125.85
2024-12-19,Microphone,8,375.03,271.82
2024-12-19,Keyboard,18,343.88,281.84
2024-12-20,Laptop,17,848.94,719.61
2024-12-20,Camera,12,425.12,274.07
2024-12-20,Router,6,1698.78,1479.09
2024-12-20,RAM,9,116.79,98.34
2024-12-20,USB Drive,5,1594.27,1312.69
2024-12-20,Laptop,16,378.8,269.66
2024-12-20,RAM,16,336.1,229.0
2024-12-20,USB Drive,4,1766.97,1013.32
2024-12-20,Smart Light,11,1413.8,1157.76
2024-12-20,Microphone,4,1867.15,1095.64
2024-12-20,Monitor,16,1740.38,1137.71
2024-12-20,Router,5,1125.52,728.4
2024-12-21,Headphones,9,292.15,207.25
2024-12-21,Laptop,16,1250.9,959.25
2024-12-21,RAM,8,932.52,820.42
2024-12-21,Charger,13,1087.83,576.98
2024-12-21,Graphics Card,15,607.33,412.61
2024-12-21,External HDD,8,533.0,274.18
2024-12-22,Speaker,9,1406.53,889.92
2024-12-22,Charger,15,1136.82,935.77
2024-12-22,USB Drive,13,255.86,143.51
2024-12-22,Headphones,19,229.76,184.45
2024-12-22,E-book Reader,9,736.97,368.59
2024-12-22,Laptop,14,274.58,241.71
2024-12-22,SSD,3,198.72,136.48
2024-12-22,Motherboard,4,1364.67,958.76
2024-12-22,RAM,6,433.93,290.41
2024-12-23,Mouse,7,1562.21,1097.42
2024-12-23,Projector,14,202.48,114.82
2024-12-23,Projector,8,1367.97,955.38
2024-12-23,Smartwatch,12,1585.74,1370.31
2024-12-23,External HDD,14,1826.25,1553.3
2024-12-23,Power Bank,1,1702.33,1503.46
2024-12-23,Charger,8,1529.24,1172.73
2024-12-23,Charger,3,857.36,532.03
2024-12-23,Headphones,5,1497.26,1270.93
2024-12-23,Router,10,86.77,71.25
2024-12-23,Smart Light,3,928.07,676.01
2024-12-24,Smartphone,18,225.31,121.39
2024-12-24,Charger,1,1929.28,1529.96
2024-12-24,Fitness Tracker,3,1754.84,1557.74
2024-12-24,Microphone,11,1505.1,1146.95
2024-12-24,Power Bank,14,358.86,316.69
2024-12-24,Smartphone,11,1591.65,1402.28
2024-12-24,Smartwatch,13,768.04,435.43
2024-12-24,Charger,6,1362.77,692.44
2024-12-24,Speaker,6,1298.54,718.72
2024-12-24,E-book Reader,11,514.1,380.9
2024-12-24,Smart Light,18,1444.69,915.73
2024-12-24,Motherboard,7,772.3,530.17
2024-12-24,Monitor,16,1920.0,1510.63
2024-12-24,External HDD,17,1293.87,974.04
2024-12-24,Microphone,13,1560.87,1204.97
2024-12-25,Headphones,11,15.26,12.22
2024-12-25,Monitor,18,1480.8,846.15
2024-12-25,E-book Reader,5,853.84,519.78
2024-12-25,SSD,19,823.41,451.28
2024-12-25,Charger,15,1683.79,1394.96
2024-12-25,Graphics Card,18,1963.99,1210.93
2024-12-25,Camera,13,711.6,527.67
2024-12-25,Tablet,4,558.92,492.1
2024-12-25,Charger,20,980.4,597.4
2024-12-25,Drone,17,312.19,244.49
2024-12-25,Power Bank,8,49.09,35.12
2024-12-25,E-book Reader,19,330.09,178.48
2024-12-25,TV,6,1160.53,907.66
2024-12-26,Printer,11,770.48,567.84
2024-12-26,Headphones,7,1581.16,915.38
2024-12-26,Fitness Tracker,1,635.24,543.05
2024-12-26,Processor,12,109.4,80.84
2024-12-26,Projector,12,1383.74,730.42
2024-12-26,USB Drive,4,1608.47,1161.17
2024-12-26,Smartphone,18,1173.09,845.48
2024-12-26,Drone,10,1479.61,1288.92
2024-12-26,Speaker,6,1403.79,1049.83
2024-12-27,Game Console,7,1934.68,1020.7
2024-12-27,Game Console,2,1229.71,1026.78
2024-12-27,E-book Reader,12,1061.01,762.88
2024-12-27,Router,9,225.47,136.6
2024-12-27,Mouse,6,1718.58,1129.05
2024-12-27,Headphones,3,1441.24,983.75
2024-12-27,Processor,17,1584.81,1356.1
2024-12-27,Charger,11,137.8,96.31
2024-12-27,Motherboard,4,21.79,11.63
2024-12-27,Smart Light,11,400.85,217.34
2024-12-28,Headphones,16,288.06,255.48
2024-12-28,Smart Light,12,1417.98,915.47
2024-12-28,Tablet,14,247.06,190.89
2024-12-28,Webcam,20,1046.01,645.84
2024-12-28,Smartphone,18,1615.29,1019.23
2024-12-29,Power Bank,1,1356.06,974.69
2024-12-29,Processor,12,66.18,45.74
2024-12-29,Processor,1,682.55,461.26
2024-12-29,Smartphone,19,283.72,215.06
2024-12-29,Keyboard,1,1844.81,1101.75
2024-12-29,Webcam,10,642.94,515.58
2024-12-29,Keyboard,3,1927.89,1292.92
2024-12-29,Headphones,14,1738.44,1412.7
2024-12-29,Printer,14,392.38,230.99
2024-12-29,Drone,16,1245.97,767.74
2024-12-29,Mouse,12,1137.59,689.46
2024-12-30,TV,16,1146.58,957.78
2024-12-30,Headphones,6,1180.0,1018.43
2024-12-30,Projector,7,896.88,663.45
2024-12-30,Fitness Tracker,14,76.04,58.39
2024-12-30,Processor,1,855.3,756.49
2024-12-30,Router,8,1912.28,1244.81
2024-12-30,Camera,10,105.18,90.32
2024-12-30,Smartphone,4,90.56,66.71
2024-12-30,Smartwatch,18,1362.97,901.88
2024-12-30,Projector,7,1013.94,660.61
2024-12-30,Router,9,1952.37,1632.57
2024-12-30,Camera,6,308.2,273.19
2024-12-31,Speaker,13,1262.33,897.57
2024-12-31,Smartphone,8,498.99,323.19
2024-12-31,RAM,7,491.72,283.72
2024-12-31,RAM,14,1848.39,1433.38
2024-12-31,Projector,16,794.16,487.21
2024-12-31,External HDD,15,426.22,377.01
2024-12-31,USB Drive,20,291.19,157.11
2024-12-31,Projector,13,322.8,215.0
2025-01-01,Motherboard,18,1861.85,1395.63
2025-01-01,Keyboard,4,1065.06,695.3
2025-01-01,Processor,3,1053.14,646.92
2025-01-01,Smart Light,5,286.88,244.26
2025-01-01,Game Console,16,680.47,517.43
2025-01-01,Keyboard,20,1210.45,643.53
2025-01-01,Smartwatch,2,58.01,40.4
2025-01-01,Speaker,2,62.51,53.24
2025-01-01,Monitor,9,550.37,367.81
2025-01-01,Charger,14,487.32,410.48
2025-01-01,Monitor,15,27.2,15.16
2025-01-02,USB Drive,1,1824.22,955.42
2025-01-02,Smart Light,10,1335.31,980.55
2025-01-02,Processor,16,1594.18,981.84
2025-01-02,USB Drive,13,1589.62,1108.27
2025-01-02,External HDD,3,1111.29,738.79
2025-01-02,Power Bank,19,116.22,73.18
2025-01-02,Power Bank,18,110.04,98.74
2025-01-02,Smartwatch,3,1025.22,699.2
2025-01-02,Fitness Tracker,11,809.12,680.79
2025-01-02,Smartphone,11,49.23,39.24
2025-01-02,USB Drive,13,85.61,44.02
2025-01-02,USB Drive,6,575.39,374.83
2025-01-02,Tablet,17,1549.67,1202.6
2025-01-03,SSD,3,1632.67,1022.2
2025-01-03,Router,7,193.18,133.19
2025-01-03,Router,10,1499.28,969.39
2025-01-03,USB Drive,20,1908.15,1009.95
2025-01-03,Game Console,6,1525.18,1365.53
2025-01-03,Keyboard,11,864.68,558.49
2025-01-03,Graphics Card,14,228.64,158.25
2025-01-03,Game Console,19,636.03,387.76
2025-01-04,Processor,4,1776.22,1412.08
2025-01-04,Processor,16,1165.64,618.74
2025-01-04,Processor,18,1955.51,1655.34
2025-01-04,Fitness Tracker,17,256.72,230.09
2025-01-04,Smartwatch,2,395.92,332.67
2025-01-04,Power Bank,4,84.31,58.95
2025-01-04,Smart Light,15,1370.07,1221.47
2025-01-04,USB Drive,11,114.92,72.01
2025-01-04,SSD,11,1410.54,878.29
2025-01-04,Speaker,2,1948.48,1280.39
2025-01-05,Motherboard,10,537.47,414.82
2025-01-05,Processor,13,1666.01,1074.33
2025-01-05,Router,16,1521.81,1161.81
2025-01-05,Drone,16,967.38,586.11
2025-01-05,Game Console,2,1377.41,1037.56
2025-01-05,Charger,19,1857.35,1022.3
2025-01-05,Graphics Card,20,1224.42,803.87
2025-01-05,Smartwatch,17,1609.23,818.29
2025-01-05,Drone,17,834.61,423.18
2025-01-06,Graphics Card,18,996.4,677.2
2025-01-06,External HDD,10,584.2,342.77
2025-01-06,Headphones,16,1374.39,1186.68
2025-01-06,Laptop,19,1086.25,959.08
2025-01-06,E-book Reader,20,1163.18,736.66
2025-01-06,Smartwatch,20,346.05,256.39
2025-01-06,Router,9,1609.84,1165.51
2025-01-06,Camera,5,1504.14,875.31
2025-01-06,Tablet,7,1743.4,1332.79
2025-01-06,Printer,7,198.07,154.21
2025-01-06,Motherboard,18,1007.47,713.77
2025-01-06,USB Drive,12,944.69,671.32
2025-01-07,E-book Reader,14,1837.16,1610.92
2025-01-07,Processor,2,1652.97,875.69
2025-01-07,Motherboard,2,199.52,107.75
2025-01-07,Projector,8,1376.15,860.1
2025-01-07,Drone,15,1709.8,1014.79
2025-01-07,TV,13,1673.03,1195.42
2025-01-07,Headphones,6,1944.92,1048.88
2025-01-07,Graphics Card,20,457.24,306.11
2025-01-07,Headphones,9,1006.34,511.78
2025-01-07,Smart Light,12,1206.99,776.53
2025-01-08,Laptop,11,1877.74,1252.76
2025-01-08,Drone,2,1947.77,1446.87
2025-01-08,Laptop,6,1497.28,1338.96
2025-01-08,Graphics Card,20,990.23,841.94
2025-01-08,Tablet,12,1803.41,1056.51
2025-01-08,Processor,12,750.58,410.3
2025-01-08,Headphones,3,1781.2,1154.18
2025-01-09,Game Console,13,1462.79,1308.81
2025-01-09,Monitor,2,1642.39,1022.13
2025-01-09,Router,18,379.51,260.19
2025-01-09,Monitor,9,1139.69,748.77
2025-01-09,USB Drive,18,1271.81,678.68
2025-01-09,Tablet,15,389.52,202.56
2025-01-09,Game Console,1,578.83,328.66
2025-01-09,Smart Light,12,1880.23,1142.65
2025-01-09,Monitor,17,548.85,388.51
2025-01-09,Tablet,6,875.32,568.48
2025-01-10,Tablet,7,621.89,513.55
2025-01-10,External HDD,9,330.24,296.2
2025-01-10,Charger,8,821.82,726.43
2025-01-10,External HDD,16,1971.43,1287.65
2025-01-10,Microphone,15,1583.22,1165.07
2025-01-10,Speaker,8,1534.08,838.99
2025-01-10,Smartphone,18,86.06,58.77
2025-01-10,Projector,14,251.48,202.44
2025-01-10,Smart Light,19,1320.5,925.28
2025-01-11,Camera,18,415.21,343.37
2025-01-11,Projector,17,1100.74,926.1
2025-01-11,Graphics Card,15,192.4,99.09
2025-01-11,Router,20,695.94,481.45
2025-01-11,RAM,14,1916.37,1050.59
2025-01-11,External HDD,8,559.33,413.61
2025-01-11,Headphones,8,684.47,605.22
2025-01-11,RAM,2,463.63,383.94
2025-01-11,Smartwatch,15,186.61,136.78
2025-01-11,Smart Light,8,115.58,93.73
2025-01-11,Headphones,19,375.64,210.12
2025-01-11,Power Bank,4,1812.11,1268.32
2025-01-11,Game Console,19,1921.51,1096.81
2025-01-11,USB Drive,10,970.63,729.64
2025-01-11,RAM,9,1161.2,684.68
2025-01-12,Microphone,7,546.72,412.86
2025-01-12,Drone,4,804.27,472.37
2025-01-12,Smartphone,14,1389.7,1045.57
2025-01-12,Router,10,484.9,246.29
2025-01-12,Laptop,15,1636.42,1356.67
2025-01-13,Keyboard,3,1964.13,1057.94
2025-01-13,External HDD,10,1787.46,1454.4
2025-01-13,Keyboard,16,392.97,262.0
2025-01-13,SSD,17,717.05,484.76
2025-01-13,Charger,9,983.68,727.7
2025-01-14,SSD,5,285.21,247.9
2025-01-14,Tablet,18,1962.87,1077.79
2025-01-14,E-book Reader,9,1223.46,795.57
2025-01-14,Charger,9,1176.59,791.63
2025-01-14,Speaker,13,1204.01,609.73
2025-01-14,USB Drive,15,1321.5,799.52
2025-01-14,Power Bank,6,457.21,367.68
2025-01-14,Motherboard,10,1225.29,1042.14
2025-01-14,Monitor,15,1966.5,1182.62
2025-01-14,Smartwatch,14,733.7,472.65
2025-01-14,SSD,19,1062.9,637.76
2025-01-15,Laptop,13,1143.46,611.42
2025-01-15,Tablet,5,1932.52,1668.36
2025-01-15,Tablet,9,939.47,551.8
2025-01-15,Speaker,3,1176.79,745.57
2025-01-15,RAM,13,368.97,232.89
2025-01-15,TV,10,330.1,229.96
2025-01-15,Printer,17,1198.93,663.01
2025-01-15,Speaker,10,871.32,773.57
2025-01-15,Printer,8,925.45,698.19
2025-01-15,Monitor,12,842.34,703.98
2025-01-15,Game Console,17,1623.64,998.08
2025-01-15,Smart Light,11,531.62,288.52
2025-01-15,TV,13,1255.65,672.53
2025-01-15,SSD,18,1563.03,1075.61
2025-01-16,Charger,10,499.26,278.85
2025-01-16,SSD,13,360.93,219.64
2025-01-16,Speaker,20,705.29,457.31
2025-01-16,Laptop,20,110.35,69.86
2025-01-16,Smartwatch,18,767.32,502.99
2025-01-16,TV,4,79.95,67.77
2025-01-16,Charger,8,1736.03,1273.98
2025-01-16,Smart Light,16,1092.4,595.26
2025-01-16,Printer,11,1328.51,734.25
2025-01-16,Headphones,1,514.9,361.64
2025-01-16,Speaker,8,1631.45,1146.42
2025-01-16,Speaker,14,1677.35,1075.67
2025-01-16,Drone,7,14.26,12.72
2025-01-16,Mouse,5,848.44,487.65
2025-01-16,RAM,7,574.04,393.72
2025-01-17,Fitness Tracker,6,1256.13,880.89
2025-01-17,Graphics Card,16,1377.54,869.84
2025-01-17,Headphones,16,1295.91,794.3
2025-01-17,Smartphone,18,1392.91,936.12
2025-01-17,Headphones,8,1982.15,1105.0
2025-01-17,Mouse,10,560.38,396.92
2025-01-17,Projector,20,1054.05,829.93
2025-01-17,Drone,6,999.59,548.33
2025-01-17,Monitor,3,1472.6,770.91
2025-01-17,External HDD,11,452.53,275.49
2025-01-17,Smartphone,9,1567.09,1235.91
2025-01-17,SSD,18,682.81,354.53
2025-01-17,Fitness Tracker,12,531.43,348.81
2025-01-18,Smartphone,11,1550.74,1286.18
2025-01-18,Laptop,13,472.5,340.63
2025-01-18,Speaker,6,1869.41,1363.59
2025-01-18,Smart Light,20,1068.59,940.6
2025-01-18,E-book Reader,5,1205.61,820.92
2025-01-18,SSD,7,1403.58,1260.96
2025-01-18,Smart Light,6,1933.86,1517.59
2025-01-18,Camera,12,1896.5,1564.03
2025-01-18,Graphics Card,16,358.71,229.65
2025-01-18,Smart Light,13,96.51,73.14
2025-01-18,Smartwatch,2,428.5,217.29
2025-01-18,USB Drive,12,1202.75,669.3
2025-01-18,Microphone,8,1905.97,1686.29
2025-01-18,Smartwatch,17,1950.18,1522.35
2025-01-18,Drone,6,352.83,183.6
2025-01-19,E-book Reader,12,1436.17,918.8
2025-01-19,Fitness Tracker,5,1516.3,946.15
2025-01-19,Router,12,1812.3,976.61
2025-01-19,Router,18,789.2,517.24
2025-01-19,USB Drive,6,1035.01,683.18
2025-01-19,Game Console,16,1899.24,1034.22
2025-01-19,Speaker,10,200.36,158.52
2025-01-20,Smartphone,7,754.08,642.12
2025-01-20,RAM,11,1570.95,958.65
2025-01-20,Microphone,14,760.24,509.67
2025-01-20,Power Bank,20,1048.03,652.9
2025-01-20,Motherboard,12,271.31,231.14
2025-01-20,Charger,15,1774.98,1115.67
2025-01-20,Laptop,10,1471.67,860.19
2025-01-20,Monitor,18,1445.42,919.5
2025-01-20,Camera,13,352.51,269.91
2025-01-21,Mouse,1,1082.7,788.89
2025-01-21,Motherboard,12,1895.07,1373.87
2025-01-21,Graphics Card,3,1261.56,638.86
2025-01-21,Smartwatch,19,1696.49,1429.65
2025-01-21,Camera,13,1854.15,1274.41
2025-01-21,RAM,4,1453.1,732.84
2025-01-21,Monitor,16,1372.02,841.93
2025-01-21,Smart Light,13,1083.26,889.27
2025-01-22,RAM,11,1499.7,761.44
2025-01-22,Game Console,18,1496.78,1321.91
2025-01-22,Drone,10,1232.96,1028.92
2025-01-22,Power Bank,4,535.25,382.19
2025-01-22,Projector,1,1089.57,970.44
2025-01-22,Processor,1,1688.9,1441.37
2025-01-22,Mouse,20,622.54,400.81
2025-01-22,SSD,8,205.23,105.22
2025-01-22,Fitness Tracker,12,1233.92,662.58
2025-01-22,USB Drive,19,1144.51,725.9
2025-01-23,Smartwatch,10,1619.73,1257.64
2025-01-23,USB Drive,4,1529.28,1300.02
2025-01-23,Smartwatch,5,989.79,693.76
2025-01-23,Smart Light,13,1273.54,963.97
2025-01-23,Camera,15,197.89,110.53
2025-01-23,Smartphone,13,1808.71,1228.09
2025-01-23,Game Console,12,1542.17,1120.8
2025-01-23,RAM,14,1905.53,970.82
2025-01-23,Keyboard,14,674.53,601.11
2025-01-23,Microphone,12,457.89,307.94
2025-01-23,Processor,9,882.96,681.96
2025-01-23,Game Console,9,1760.41,1031.59
2025-01-24,Router,8,895.71,744.86
2025-01-24,Processor,3,43.21,31.62
2025-01-24,Power Bank,18,1855.19,1482.33
2025-01-24,Printer,2,1420.27,1178.24
2025-01-24,Speaker,11,1255.09,891.34
2025-01-24,Processor,13,1652.46,1483.7
2025-01-24,Speaker,1,799.05,683.01
2025-01-25,Laptop,1,1939.88,1403.12
2025-01-25,Headphones,19,258.88,174.53
2025-01-25,Motherboard,18,1983.12,1064.55
2025-01-25,E-book Reader,4,1438.73,1110.43
2025-01-25,Camera,4,1646.97,949.53
2025-01-25,USB Drive,10,1215.34,1038.78
2025-01-25,Projector,4,508.82,314.0
2025-01-25,RAM,7,303.51,254.76
2025-01-25,Processor,10,767.27,457.53
2025-01-25,Router,20,91.51,62.42
2025-01-26,Printer,5,478.36,388.66
2025-01-26,SSD,3,1402.65,953.49
2025-01-26,Microphone,11,1065.42,755.05
2025-01-26,Keyboard,4,1525.41,1052.24
2025-01-26,Mouse,17,1330.94,997.53
2025-01-26,Router,5,171.06,125.48
2025-01-27,Game Console,4,741.39,491.46
2025-01-27,Monitor,18,461.02,394.03
2025-01-27,Camera,1,1014.47,881.38
2025-01-27,Microphone,7,1791.98,1543.6
2025-01-27,Motherboard,1,1679.7,992.31
2025-01-27,Smart Light,1,207.68,110.31
2025-01-27,Monitor,19,1839.38,1386.44
2025-01-28,Laptop,6,1653.79,1473.35
2025-01-28,Router,5,1798.58,1147.18
2025-01-28,Laptop,12,907.01,637.13
2025-01-28,Router,3,1793.21,1383.64
2025-01-28,Graphics Card,10,975.1,634.26
2025-01-28,External HDD,17,1744.45,1237.08
2025-01-28,Power Bank,15,1168.5,956.72
2025-01-29,Power Bank,12,1941.2,1048.02
2025-01-29,Drone,9,1778.15,1587.0
2025-01-29,Camera,18,856.6,594.89
2025-01-29,TV,19,107.07,95.61
2025-01-29,Smartphone,13,1426.94,1092.78
2025-01-29,Printer,3,430.17,271.79
2025-01-29,Webcam,15,1063.71,694.15
2025-01-29,Laptop,5,423.47,264.16
2025-01-29,Processor,20,494.85,417.24
2025-01-30,Speaker,16,1828.65,1396.56
2025-01-30,Smartwatch,18,558.42,494.21
2025-01-30,Fitness Tracker,14,309.89,263.51
2025-01-30,SSD,18,1072.92,757.22
2025-01-30,Smartphone,14,1097.88,593.55
2025-01-30,Monitor,17,704.04,607.16
2025-01-30,Router,7,623.89,498.57
2025-01-30,Power Bank,11,1613.31,1091.04
2025-01-31,Projector,2,31.93,19.53
2025-01-31,Tablet,15,1074.6,780.36
2025-01-31,Smartphone,1,1624.23,1426.85
2025-01-31,Laptop,15,105.36,57.13
2025-01-31,TV,15,1079.44,652.75
2025-01-31,Router,10,515.14,261.08
2025-02-01,Tablet,11,1205.6,1052.09
2025-02-01,Power Bank,8,1550.76,1177.44
2025-02-01,TV,10,1538.93,1316.88
2025-02-01,Graphics Card,16,605.8,355.16
2025-02-01,Camera,4,563.38,413.19
2025-02-01,Router,1,190.79,103.96
2025-02-01,Power Bank,14,364.19,267.93
2025-02-02,Smartphone,5,1872.7,1005.53
2025-02-02,Smart Light,20,1769.0,1217.22
2025-02-02,Tablet,18,909.28,469.16
2025-02-02,Smart Light,4,197.8,122.64
2025-02-02,Keyboard,4,1328.59,767.31
2025-02-02,Graphics Card,10,1211.68,853.63
2025-02-02,Processor,9,1934.88,1401.76
2025-02-02,Charger,1,44.36,33.4
2025-02-02,Speaker,11,889.37,542.9
2025-02-02,USB Drive,8,786.99,509.25
2025-02-02,Laptop,10,1832.63,1238.93
2025-02-02,Headphones,17,1382.26,989.76
2025-02-02,Speaker,14,1276.83,805.8
2025-02-02,SSD,17,34.55,27.39
2025-02-03,Processor,5,1923.96,1138.38
2025-02-03,Camera,16,634.35,402.2
2025-02-03,TV,19,1860.7,948.5
2025-02-03,Camera,7,1475.06,886.21
2025-02-03,Charger,7,1265.13,1124.86
2025-02-03,Mouse,9,335.34,231.06
2025-02-03,Keyboard,19,1325.16,752.21
2025-02-03,Mouse,9,1624.04,1231.03
2025-02-03,Router,11,610.18,440.96
2025-02-03,Processor,9,315.9,189.75
2025-02-04,Camera,2,1426.09,1009.84
2025-02-04,Processor,16,616.65,358.95
2025-02-04,Graphics Card,19,1449.7,877.68
2025-02-04,Drone,2,1731.19,911.07
2025-02-04,Headphones,2,1348.8,700.73
2025-02-04,Webcam,10,580.4,433.73
2025-02-04,Projector,8,1411.72,931.42
2025-02-04,Router,8,590.24,381.96
2025-02-04,Fitness Tracker,7,453.69,338.86
2025-02-04,Webcam,16,1543.39,837.84
2025-02-04,Laptop,19,1690.14,1329.22
2025-02-04,Smartphone,11,1072.37,894.63
2025-02-05,Smartwatch,15,25.96,21.96
2025-02-05,TV,15,1374.44,753.3
2025-02-05,External HDD,18,1423.97,827.95
2025-02-05,Charger,13,1355.16,1127.83
2025-02-05,Microphone,6,881.9,600.22
2025-02-05,Headphones,10,614.83,546.53
2025-02-06,Laptop,18,1538.99,976.85
2025-02-06,USB Drive,10,151.4,94.79
2025-02-06,Smartwatch,11,653.44,556.47
2025-02-06,Laptop,18,1214.0,1066.8
2025-02-06,Smartphone,12,958.66,645.1
2025-02-07,Microphone,9,1412.41,707.69
2025-02-07,Mouse,18,1305.75,791.68
2025-02-07,Projector,4,1349.57,1186.04
2025-02-07,RAM,4,695.56,528.31
2025-02-07,Game Console,13,340.53,261.96
2025-02-07,Game Console,11,79.73,71.06
2025-02-08,SSD,7,427.39,277.69
2025-02-08,Router,1,1638.02,1023.72
2025-02-08,RAM,9,463.41,308.15
2025-02-08,Game Console,3,809.29,574.08
2025-02-08,TV,5,458.47,284.12
2025-02-08,TV,19,1410.32,1170.78
2025-02-08,USB Drive,19,156.87,120.0
2025-02-08,Printer,20,1552.1,1148.38
2025-02-08,Laptop,13,1685.45,931.82
2025-02-08,Smart Light,16,1285.7,969.88
2025-02-08,Processor,4,22.0,17.19
2025-02-08,Graphics Card,13,943.77,787.77
2025-02-08,Projector,14,225.0,161.71
2025-02-08,Webcam,2,427.91,300.34
2025-02-09,Power Bank,18,1598.46,1016.15
2025-02-09,Microphone,11,299.63,256.59
2025-02-09,Smartphone,19,1734.11,1527.88
2025-02-09,SSD,19,531.95,301.41
2025-02-09,Tablet,7,1989.26,1235.55
2025-02-09,E-book Reader,2,1481.39,1044.04
2025-02-09,E-book Reader,11,750.74,505.84
2025-02-09,Fitness Tracker,7,778.78,570.93
2025-02-09,Router,7,249.4,191.52
2025-02-09,E-book Reader,17,1874.79,1553.18
2025-02-09,Game Console,14,1942.55,1245.17
2025-02-09,Smart Light,1,1412.88,1003.43
2025-02-09,Projector,8,1426.32,719.96
2025-02-10,Router,14,1985.01,1265.7
2025-02-10,Camera,3,708.83,482.88
2025-02-10,Speaker,20,1150.67,737.13
2025-02-10,Microphone,4,1000.12,508.88
2025-02-10,Processor,2,1851.95,1320.96
2025-02-11,Smart Light,5,1574.98,1107.2
2025-02-11,Microphone,14,816.86,456.62
2025-02-11,Microphone,3,835.72,607.3
2025-02-11,Projector,4,835.91,533.84
2025-02-11,USB Drive,2,370.27,226.91
2025-02-11,Motherboard,11,244.12,130.54
2025-02-11,Power Bank,15,700.04,567.96
2025-02-11,Camera,2,1545.59,1132.24
2025-02-11,Microphone,10,285.88,198.77
2025-02-11,E-book Reader,3,1732.48,956.92
2025-02-11,Microphone,7,723.78,399.46
2025-02-12,Tablet,4,1981.22,1586.14
2025-02-12,E-book Reader,10,198.74,153.01
2025-02-12,Smartwatch,6,860.75,628.92
2025-02-12,Graphics Card,13,290.7,260.67
2025-02-12,Processor,2,876.3,576.45
2025-02-12,Motherboard,13,1792.54,1073.0
2025-02-13,Game Console,19,1429.11,1255.92
2025-02-13,Monitor,13,10.38,5.37
2025-02-13,Webcam,3,1006.57,883.83
2025-02-13,Keyboard,8,969.8,718.38
2025-02-13,External HDD,7,169.92,102.25
2025-02-13,Projector,5,10.19,6.23
2025-02-13,Drone,9,1467.92,800.28
2025-02-13,Keyboard,7,1845.03,1378.8
2025-02-13,Keyboard,5,1096.16,563.68
2025-02-13,Power Bank,11,845.84,499.02
2025-02-13,Monitor,12,1984.99,1507.72
2025-02-13,Graphics Card,3,195.82,129.2
2025-02-14,RAM,11,389.08,265.52
2025-02-14,Smartwatch,11,1384.04,1195.72
2025-02-14,TV,20,1004.43,841.34
2025-02-14,Fitness Tracker,10,1950.44,1267.45
2025-02-14,Graphics Card,7,1047.67,793.35
2025-02-14,Game Console,10,1244.61,822.56
2025-02-14,TV,5,1779.21,1144.06
2025-02-14,Monitor,2,1508.54,896.21
2025-02-14,SSD,15,730.65,465.74
2025-02-14,Drone,17,1308.17,763.08
2025-02-15,E-book Reader,2,1205.59,726.52
2025-02-15,TV,15,1202.58,879.9
2025-02-15,Projector,4,98.79,87.9
2025-02-15,Smartphone,1,1174.87,690.59
2025-02-15,E-book Reader,6,197.7,142.85
2025-02-15,Projector,2,440.58,234.06
2025-02-15,Fitness Tracker,18,1641.34,1305.34
2025-02-15,SSD,14,341.38,240.83
2025-02-15,Power Bank,5,40.79,30.13
2025-02-15,Tablet,14,1147.4,823.99
2025-02-15,Webcam,18,1134.47,855.41
2025-02-16,Smart Light,16,164.95,95.21
2025-02-16,Projector,19,354.51,276.09
2025-02-16,Smartwatch,4,286.34,239.9
2025-02-16,Laptop,15,1500.36,1109.83
2025-02-16,Smartphone,9,1479.87,1032.46
2025-02-16,Smartphone,8,1016.3,649.98
2025-02-16,Monitor,11,1090.63,555.11
2025-02-16,Processor,12,1732.14,1499.11
2025-02-16,Motherboard,7,1017.51,717.68
2025-02-16,Router,4,150.13,119.88
2025-02-17,Headphones,2,1346.88,1129.61
2025-02-17,Smartphone,16,538.75,304.59
2025-02-17,Graphics Card,18,634.54,470.05
2025-02-17,Headphones,17,195.69,132.73
2025-02-17,E-book Reader,10,1614.19,863.19
2025-02-17,Charger,5,1387.97,877.37
2025-02-17,Headphones,10,227.68,121.99
2025-02-18,Smartphone,3,183.47,136.8
2025-02-18,Tablet,13,60.15,33.71
2025-02-18,Fitness Tracker,17,900.04,501.83
2025-02-18,Processor,19,1827.38,971.38
2025-02-18,Drone,12,606.85,358.95
2025-02-18,Smartphone,4,1145.72,798.23
2025-02-18,Router,14,248.4,186.69
2025-02-18,Smartwatch,11,954.65,698.01
2025-02-18,Tablet,19,656.85,530.13
2025-02-18,Fitness Tracker,18,1532.14,867.18
2025-02-18,Keyboard,15,1540.65,881.18
2025-02-18,Smartwatch,10,1774.2,888.43
2025-02-18,Graphics Card,4,555.3,469.63
2025-02-19,Drone,20,240.37,215.11
2025-02-19,Game Console,20,1311.02,1073.87
2025-02-19,Charger,7,225.74,174.37
2025-02-19,External HDD,6,1219.18,1080.31
2025-02-19,Headphones,20,259.84,207.02
2025-02-19,Mouse,20,1266.98,651.52
2025-02-20,Printer,8,471.54,382.34
2025-02-20,Fitness Tracker,11,807.9,704.7
2025-02-20,Printer,12,1402.65,951.26
2025-02-20,Printer,15,616.83,490.9
2025-02-20,SSD,8,393.84,268.03
2025-02-20,SSD,10,1862.15,1473.25
2025-02-20,Smartwatch,6,237.99,151.85
2025-02-20,USB Drive,19,1930.37,1612.22
2025-02-20,Smartwatch,8,52.56,46.92
2025-02-20,Processor,20,16.07,13.01
2025-02-21,Smart Light,20,137.43,109.78
2025-02-21,Mouse,3,1058.48,657.94
2025-02-21,Camera,9,226.49,135.17
2025-02-21,Game Console,10,160.45,111.47
2025-02-21,Microphone,12,583.75,430.28
2025-02-21,Tablet,6,1364.38,952.07
2025-02-21,Charger,5,1327.17,727.8
2025-02-21,Headphones,19,371.4,276.44
2025-02-21,Laptop,13,1236.99,705.91
2025-02-22,Charger,15,1183.68,807.71
2025-02-22,E-book Reader,18,997.5,583.46
2025-02-22,TV,5,931.44,684.38
2025-02-22,E-book Reader,1,910.66,458.87
2025-02-22,Tablet,18,702.0,432.88
2025-02-22,Keyboard,14,160.92,140.71
2025-02-22,SSD,19,868.09,435.84
2025-02-22,TV,12,1838.82,1427.59
2025-02-22,Fitness Tracker,4,168.84,114.32
2025-02-22,Smartphone,14,129.17,70.45
2025-02-22,Headphones,3,1077.95,752.94
2025-02-22,Fitness Tracker,17,994.41,730.89
2025-02-23,Drone,18,1868.38,1193.59
2025-02-23,Power Bank,13,394.26,206.29
2025-02-23,Microphone,9,76.53,52.56
2025-02-23,Tablet,1,22.26,13.67
2025-02-23,Motherboard,12,1388.47,1197.76
2025-02-24,Drone,4,557.9,418.02
2025-02-24,Processor,4,1419.39,991.3
2025-02-24,Laptop,17,1539.05,874.49
2025-02-24,Motherboard,9,1263.86,867.56
2025-02-24,Speaker,2,1796.64,1353.02
2025-02-24,Game Console,1,1028.75,840.58
2025-02-24,Laptop,18,1719.46,910.49
2025-02-24,Keyboard,16,1101.89,943.41
2025-02-24,Smartphone,9,1020.58,641.28
2025-02-24,TV,13,154.68,88.27
2025-02-24,Power Bank,8,1599.69,1383.0
2025-02-25,Camera,17,51.56,31.67
2025-02-25,Tablet,19,1513.36,1030.38
2025-02-25,Microphone,19,390.99,325.7
2025-02-25,TV,16,642.51,521.13
2025-02-25,Graphics Card,9,1824.11,1329.39
2025-02-25,External HDD,19,203.7,147.23
2025-02-25,Fitness Tracker,20,961.5,611.89
2025-02-25,Graphics Card,8,1679.74,1319.26
2025-02-25,Graphics Card,17,1943.41,1626.01
2025-02-25,USB Drive,3,1800.1,1484.44
2025-02-25,USB Drive,19,1191.67,916.93
2025-02-25,Drone,10,105.43,68.26
2025-02-26,Microphone,14,345.68,310.55
2025-02-26,Mouse,17,201.38,169.43
2025-02-26,Drone,10,1345.98,1126.36
2025-02-26,Router,16,1730.36,894.18
2025-02-26,Game Console,11,70.69,56.24
2025-02-26,E-book Reader,19,624.48,352.05
2025-02-26,Camera,15,1318.63,900.43
2025-02-26,Monitor,1,1944.73,1158.32
2025-02-27,RAM,2,92.24,46.64
2025-02-27,TV,4,1609.44,1340.78
2025-02-27,Mouse,4,1177.33,974.72
2025-02-27,USB Drive,16,1281.43,937.61
2025-02-27,SSD,18,1343.79,793.75
2025-02-27,External HDD,18,877.82,650.7
2025-02-27,Game Console,13,974.0,584.23
2025-02-27,Speaker,5,1851.83,1272.07
2025-02-27,Game Console,6,1144.0,618.61
2025-02-27,Headphones,14,79.55,70.01
2025-02-27,Power Bank,2,1842.29,1508.8
2025-02-28,Speaker,17,71.7,63.08
2025-02-28,TV,5,1729.54,1512.28
2025-02-28,RAM,14,71.3,54.35
2025-02-28,RAM,6,295.86,166.2
2025-02-28,RAM,6,1225.11,984.38
2025-02-28,Router,20,558.37,344.49
2025-02-28,Headphones,16,1474.55,1287.1
2025-02-28,Drone,8,287.99,164.86
2025-02-28,Motherboard,15,1297.81,1057.16
2025-02-28,Tablet,10,1797.09,1281.13
2025-02-28,Tablet,5,1430.97,926.47
2025-03-01,External HDD,17,1486.32,1245.17
2025-03-01,Monitor,8,1865.24,1278.18
2025-03-01,USB Drive,6,136.2,120.24
2025-03-01,Tablet,20,715.45,553.21
2025-03-01,Smartphone,2,132.88,78.46
2025-03-01,TV,6,1560.95,915.51
2025-03-01,Motherboard,16,558.78,371.51
2025-03-01,Keyboard,9,586.44,466.45
2025-03-01,Graphics Card,13,1207.98,707.5
2025-03-01,Mouse,18,1068.37,794.2
2025-03-02,Game Console,17,1953.82,1736.42
2025-03-02,Smartwatch,13,1801.82,1548.31
2025-03-02,Graphics Card,15,1983.41,1022.49
2025-03-02,Monitor,3,199.79,168.26
2025-03-02,SSD,18,299.53,199.29
2025-03-02,Speaker,11,1424.03,1066.61
2025-03-02,USB Drive,19,1312.35,971.51
2025-03-02,RAM,8,1866.54,1056.46
2025-03-02,Smartwatch,11,1007.44,659.39
2025-03-02,Headphones,18,1345.91,1173.47
2025-03-02,USB Drive,19,1095.14,839.11
2025-03-03,E-book Reader,13,647.82,449.53
2025-03-03,Microphone,11,976.73,643.02
2025-03-03,Power Bank,7,143.74,74.8
2025-03-03,External HDD,8,708.5,513.88
2025-03-03,SSD,5,1084.94,838.55
2025-03-04,USB Drive,11,1144.77,986.18
2025-03-04,SSD,1,1961.94,1371.46
2025-03-04,Graphics Card,17,1904.82,1080.6
2025-03-04,Printer,2,1410.98,839.93
2025-03-04,Drone,10,246.83,189.67
2025-03-04,Smartwatch,4,602.89,345.49
2025-03-04,Webcam,7,169.69,124.96
2025-03-04,Webcam,8,423.1,340.37
2025-03-04,Projector,16,973.47,818.77
2025-03-05,TV,3,766.66,415.75
2025-03-05,Power Bank,19,1823.55,953.79
2025-03-05,Keyboard,7,115.6,99.97
2025-03-05,SSD,9,1061.83,644.56
2025-03-05,Smartphone,2,1652.65,977.15
2025-03-06,RAM,13,192.69,137.05
2025-03-06,Camera,16,1788.54,1111.02
2025-03-06,Graphics Card,7,1989.41,1411.0
2025-03-06,Drone,10,1116.99,689.48
2025-03-06,Printer,5,957.62,569.25
2025-03-07,SSD,9,754.94,469.19
2025-03-07,Webcam,9,995.65,711.9
2025-03-07,Processor,6,1249.91,661.52
2025-03-07,Laptop,7,964.87,692.29
2025-03-07,TV,19,121.45,83.61
2025-03-07,Headphones,2,1220.23,1086.96
2025-03-07,External HDD,13,752.31,600.98
2025-03-07,Projector,17,1400.09,967.75
2025-03-07,SSD,14,682.67,611.02
2025-03-07,Drone,17,560.48,469.28
2025-03-07,SSD,1,710.48,475.65
2025-03-07,Mouse,7,619.68,405.28
2025-03-08,Keyboard,6,1901.88,1618.7
2025-03-08,Webcam,10,502.8,301.64
2025-03-08,Router,12,1558.31,1339.85
2025-03-08,Laptop,12,511.19,450.39
2025-03-08,TV,4,1507.44,829.39
2025-03-08,Drone,6,1684.98,1241.82
2025-03-08,SSD,5,960.64,721.41
2025-03-09,Printer,11,229.0,141.49
2025-03-09,Headphones,8,1023.66,786.57
2025-03-09,Tablet,6,1950.75,1727.83
2025-03-09,Printer,5,1804.25,966.37
2025-03-09,Projector,9,919.21,645.35
2025-03-10,Smartphone,13,185.19,109.79
2025-03-10,Smartphone,4,449.09,362.4
2025-03-10,Graphics Card,9,1739.05,1381.91
2025-03-10,TV,20,1558.99,1322.14
2025-03-10,Game Console,20,518.35,438.0
2025-03-10,Keyboard,3,1101.74,925.62
2025-03-10,Fitness Tracker,15,152.8,117.56
2025-03-10,Laptop,3,201.49,144.28
2025-03-10,Graphics Card,1,1778.76,987.51
2025-03-10,RAM,6,946.15,558.27
2025-03-10,E-book Reader,10,110.67,66.17
2025-03-10,E-book Reader,15,1052.88,739.3
2025-03-11,Laptop,4,134.53,89.66
2025-03-11,Charger,1,144.83,120.06
2025-03-11,Speaker,19,346.61,272.48
2025-03-11,Camera,18,444.72,279.06
2025-03-11,SSD,7,1788.35,1132.87
2025-03-12,Microphone,14,692.18,611.11
2025-03-12,TV,7,427.77,369.33
2025-03-12,Keyboard,8,388.72,321.16
2025-03-12,Mouse,2,422.08,322.03
2025-03-12,Keyboard,4,1794.3,1095.59
2025-03-12,TV,13,1130.31,1015.36
2025-03-12,Power Bank,6,651.74,350.59
2025-03-12,Smartwatch,16,916.91,699.65
2025-03-12,USB Drive,19,1636.95,923.62
2025-03-13,Smartwatch,13,390.8,341.97
2025-03-13,External HDD,10,239.66,203.27
2025-03-13,Processor,13,1240.55,817.64
2025-03-13,Router,4,1918.01,1047.28
2025-03-13,Router,19,609.66,414.47
2025-03-13,TV,20,1574.83,1032.87
2025-03-13,Graphics Card,8,182.63,163.18
2025-03-13,Fitness Tracker,3,1692.44,901.4
2025-03-13,Headphones,11,1659.03,1279.24
2025-03-14,Speaker,17,813.62,596.33
2025-03-14,Tablet,17,476.05,322.09
2025-03-14,Mouse,10,1956.1,1020.54
2025-03-14,Smart Light,10,1386.9,953.54
2025-03-14,Microphone,14,372.52,289.71
2025-03-14,Charger,19,1690.34,1068.77
2025-03-14,Power Bank,17,1576.88,1131.15
2025-03-14,Laptop,14,1951.4,1077.58
2025-03-14,SSD,10,62.57,41.01
2025-03-14,Tablet,18,550.5,283.43
2025-03-14,E-book Reader,19,327.64,256.27
2025-03-14,Microphone,11,65.47,41.41
2025-03-15,Charger,18,335.34,211.96
2025-03-15,Drone,8,1603.91,1281.67
2025-03-15,Printer,1,1221.98,901.58
2025-03-15,Projector,7,1963.53,1224.1
2025-03-15,RAM,13,1198.11,807.32
2025-03-15,Camera,18,1630.95,1293.26
2025-03-15,Charger,5,1382.59,866.41
2025-03-16,External HDD,15,1065.42,918.0
2025-03-16,Keyboard,8,129.68,82.76
2025-03-16,Smartphone,14,1548.48,1005.78
2025-03-16,Projector,12,436.83,362.58
2025-03-16,Graphics Card,6,1868.28,1285.51
2025-03-16,RAM,17,849.79,492.57
2025-03-16,Graphics Card,2,245.3,181.91
2025-03-16,Tablet,13,658.5,440.46
2025-03-16,Keyboard,7,1795.76,1192.87
2025-03-16,Speaker,4,137.2,101.82
2025-03-17,Microphone,13,1941.88,1237.51
2025-03-17,External HDD,20,1393.24,738.24
2025-03-17,E-book Reader,3,1159.87,924.01
2025-03-17,Headphones,8,1701.54,1225.22
2025-03-17,USB Drive,9,965.25,836.69
2025-03-17,Mouse,11,1587.98,1300.65
2025-03-17,USB Drive,19,798.55,461.71
2025-03-17,Keyboard,4,1010.38,524.97
2025-03-17,Power Bank,17,120.85,86.29
2025-03-18,External HDD,13,440.6,390.96
2025-03-18,Laptop,20,1816.86,1447.14
2025-03-18,RAM,3,406.0,309.71
2025-03-18,Projector,7,429.32,332.74
2025-03-18,Fitness Tracker,6,794.4,448.41
2025-03-18,Drone,2,1072.61,821.04
2025-03-18,Processor,18,601.32,445.87
2025-03-19,USB Drive,17,492.64,442.98
2025-03-19,TV,18,1930.82,1289.25
2025-03-19,Power Bank,12,1982.26,1305.8
2025-03-19,Smart Light,3,182.09,143.5
2025-03-19,RAM,12,968.47,821.01
2025-03-19,Fitness Tracker,12,1700.13,1341.61
2025-03-20,Router,1,1784.0,1446.2
2025-03-20,SSD,1,1841.91,946.1
2025-03-20,Smartphone,16,1168.15,1009.42
2025-03-20,TV,17,1856.27,1020.7
2025-03-20,Smartphone,14,1425.35,1140.91
2025-03-20,Motherboard,1,1935.06,1552.91
2025-03-20,Smartwatch,10,1470.88,1055.58
2025-03-20,USB Drive,20,126.06,97.17
2025-03-20,Camera,20,1667.24,1429.19
2025-03-21,Smartphone,18,713.75,545.3
2025-03-21,Microphone,20,937.16,720.72
2025-03-21,External HDD,13,1260.68,893.77
2025-03-21,RAM,12,607.25,474.5
2025-03-21,External HDD,15,462.17,270.84
2025-03-21,Projector,9,1710.45,1239.29
2025-03-21,Smart Light,20,1564.93,1168.49
2025-03-22,External HDD,8,1034.56,602.0
2025-03-22,RAM,12,44.18,37.72
2025-03-22,Tablet,4,1130.66,998.94
2025-03-22,Graphics Card,18,1127.92,906.55
2025-03-22,Microphone,19,354.97,221.58
2025-03-22,Microphone,2,624.17,434.13
2025-03-22,Speaker,18,1705.04,1029.29
2025-03-22,Headphones,16,1816.43,1123.48
2025-03-22,Microphone,16,942.93,660.46
2025-03-22,Webcam,7,1663.01,919.17
2025-03-22,Mouse,8,996.49,504.56
2025-03-22,Tablet,7,1655.21,1486.69
2025-03-23,SSD,2,371.06,274.99
2025-03-23,Charger,10,1805.11,1239.08
2025-03-23,Graphics Card,11,636.56,338.72
2025-03-23,Laptop,11,899.98,465.6
2025-03-23,Router,4,506.49,317.05
2025-03-23,Router,9,1967.47,1195.57
2025-03-23,Microphone,14,1252.58,817.53
2025-03-23,Keyboard,10,1007.6,712.35
2025-03-23,Processor,17,732.32,596.78
2025-03-23,Printer,12,1393.53,1056.65
2025-03-23,Motherboard,7,1024.47,679.53
2025-03-23,Tablet,12,130.53,108.41
2025-03-23,Game Console,13,1681.33,1361.25
2025-03-23,Smartphone,10,1042.52,868.43
2025-03-24,Graphics Card,5,354.9,275.36
2025-03-24,Microphone,13,302.73,262.43
2025-03-24,Printer,16,597.72,453.47
2025-03-24,Charger,1,1713.42,1048.7
2025-03-24,Drone,10,392.75,262.86
2025-03-24,Camera,3,1002.48,877.55
2025-03-24,Microphone,18,81.71,41.07
2025-03-24,Printer,4,173.48,112.2
2025-03-24,E-book Reader,4,1912.01,1062.94
2025-03-24,Drone,6,1501.64,1084.5
2025-03-25,Fitness Tracker,1,516.92,440.08
2025-03-25,Printer,1,41.92,33.75
2025-03-25,Monitor,12,192.17,124.21
2025-03-25,SSD,17,330.68,181.08
2025-03-25,Smart Light,4,1643.12,1411.46
2025-03-25,Charger,3,1508.13,1103.2
2025-03-25,Laptop,4,607.38,459.66
2025-03-25,Smartphone,12,1134.57,915.48
2025-03-25,Power Bank,13,1921.72,1456.46
2025-03-25,Drone,20,1898.96,1322.31
2025-03-26,RAM,15,1461.33,1096.16
2025-03-26,Processor,11,1905.21,1210.1
2025-03-26,Processor,10,310.79,273.01
2025-03-26,Microphone,20,123.75,77.79
2025-03-26,Router,7,1112.92,955.41
2025-03-27,Fitness Tracker,4,1414.08,901.49
2025-03-27,RAM,16,1502.65,1238.33
2025-03-27,Laptop,3,1627.63,973.9
2025-03-27,USB Drive,15,49.49,39.93
2025-03-27,Router,6,1004.04,889.12
2025-03-27,Keyboard,9,236.57,180.96
2025-03-27,TV,11,1276.23,904.94
2025-03-27,Tablet,7,958.71,494.89
2025-03-27,Printer,19,1380.71,887.28
2025-03-27,Power Bank,6,355.31,276.57
2025-03-27,Monitor,15,381.36,273.47
2025-03-27,Smartphone,3,912.16,635.18
2025-03-27,TV,5,1418.03,1134.39
2025-03-27,Processor,17,740.52,519.58
2025-03-27,Tablet,17,1829.02,1319.67
2025-03-28,TV,3,1619.63,1430.76
2025-03-28,Smartphone,6,1376.55,761.41
2025-03-28,Camera,11,1880.9,1037.22
2025-03-28,TV,16,1130.14,638.27
2025-03-28,RAM,2,1801.95,1201.03
2025-03-29,Fitness Tracker,11,199.98,113.35
2025-03-29,Smartphone,17,1039.86,591.26
2025-03-29,Speaker,18,1130.77,926.2
2025-03-29,Keyboard,2,1869.66,1042.73
2025-03-29,Mouse,20,19.85,14.54
2025-03-29,Speaker,11,949.8,547.52
2025-03-29,Graphics Card,7,639.41,502.26
2025-03-29,Processor,16,632.26,546.45
2025-03-29,Mouse,18,1521.24,1001.48
2025-03-29,Speaker,15,479.41,273.05
2025-03-30,Webcam,10,222.72,142.27
2025-03-30,Router,20,482.72,279.86
2025-03-30,Microphone,1,1792.75,1580.67
2025-03-30,Smartphone,2,373.95,315.64
2025-03-30,Headphones,19,946.83,682.58
2025-03-30,Speaker,4,385.25,265.98
2025-03-30,E-book Reader,11,412.17,233.31
2025-03-30,Speaker,1,902.72,703.12
2025-03-30,Webcam,1,812.01,662.06
2025-03-30,Keyboard,9,116.2,86.48
2025-03-30,Keyboard,14,494.73,326.85
2025-03-30,Microphone,17,1166.69,822.06
2025-03-30,SSD,16,308.01,190.88
2025-03-30,Power Bank,19,308.27,236.73
2025-03-30,Power Bank,2,894.72,547.39
2025-03-31,Smartphone,9,692.5,514.82
2025-03-31,Processor,7,1506.76,831.46
2025-03-31,Router,5,1965.55,1048.38
2025-03-31,Power Bank,19,1733.81,1029.76
2025-03-31,Drone,18,148.78,85.33
2025-03-31,Laptop,19,1364.0,1030.6
2025-03-31,Router,12,1439.57,1266.4
2025-04-01,Drone,12,27.09,22.03
2025-04-01,Camera,20,375.77,279.04
2025-04-01,USB Drive,9,761.43,617.96
2025-04-01,USB Drive,9,1681.42,851.47
2025-04-01,E-book Reader,13,1110.01,821.25
2025-04-01,Power Bank,2,1837.3,929.46
2025-04-01,Monitor,5,1340.52,1037.29
2025-04-01,Mouse,19,1690.87,988.92
2025-04-01,Smartphone,20,1803.47,1163.41
2025-04-01,Headphones,2,1350.88,714.86
2025-04-01,External HDD,13,1868.64,1025.96
2025-04-01,Projector,7,1840.52,1287.97
